Date,Open,High,Low,Close,Adj Close,Volume
2018-09-10,8424.000000,8820.049805,8418.349609,8593.349609,8139.855469,24752
2018-09-11,8670.000000,8729.099609,8370.000000,8428.299805,7983.516602,9988
2018-09-12,8360.000000,8500.000000,8163.049805,8449.450195,8003.549805,12706
2018-09-14,8502.000000,8509.900391,8352.000000,8388.099609,7945.437988,8500
2018-09-17,8280.150391,8483.950195,8280.150391,8441.750000,7996.256836,4526
2018-09-18,8439.950195,8480.000000,8350.000000,8444.549805,7998.908691,4432
2018-09-19,8459.950195,8487.950195,8300.000000,8379.450195,7937.243652,4144
2018-09-21,8400.000000,8400.000000,7611.000000,8240.500000,7805.625977,18632
2018-09-24,8200.200195,8225.049805,7810.000000,8136.700195,7707.305176,13866
2018-09-25,8100.000000,8150.049805,8055.149902,8102.750000,7675.145996,10356
2018-09-26,8168.000000,8200.000000,7864.450195,7934.950195,7516.201660,7160
2018-09-27,7900.000000,7920.000000,7720.000000,7808.299805,7396.234375,9584
2018-09-28,7808.000000,7836.000000,7626.000000,7773.549805,7363.318848,14459
2018-10-01,7780.100098,7879.899902,7600.049805,7640.850098,7237.622070,9645
2018-10-03,7700.000000,7739.250000,7550.000000,7592.549805,7191.870117,3217
2018-10-04,7535.149902,7535.149902,7200.000000,7330.950195,6944.076172,9050
2018-10-05,7305.000000,7376.000000,7206.149902,7317.450195,6931.289063,7647
2018-10-08,7317.000000,7347.500000,7112.500000,7249.799805,6867.208984,8308
2018-10-09,7254.000000,7290.049805,7125.000000,7162.399902,6784.420898,4461
2018-10-10,7182.899902,7340.000000,7182.899902,7325.200195,6938.630371,5972
2018-10-11,7288.000000,7300.000000,7101.200195,7231.700195,6850.063965,6483
2018-10-12,7440.000000,7570.000000,7280.299805,7485.200195,7090.186035,7067
2018-10-15,7598.500000,7598.500000,7399.950195,7429.600098,7037.520020,4471
2018-10-16,7496.950195,7499.799805,7385.600098,7408.750000,7017.770508,5933
2018-10-17,7488.799805,7488.799805,7200.000000,7293.850098,6908.934082,3226
2018-10-19,7193.950195,7394.000000,7193.950195,7224.950195,6843.669922,3531
2018-10-22,7225.200195,7232.750000,7175.500000,7184.950195,6805.781738,1281
2018-10-23,7200.250000,7249.049805,7036.549805,7069.200195,6696.139160,2469
2018-10-24,7090.000000,7151.450195,6900.000000,7067.399902,6694.434570,3700
2018-10-25,7065.049805,7108.000000,6917.000000,7039.850098,6668.338379,1866
2018-10-26,7007.299805,7030.000000,6900.000000,6917.899902,6552.823730,4304
2018-10-29,6950.049805,7214.500000,6930.049805,7110.049805,6734.833984,2752
2018-10-30,7141.350098,7226.299805,7010.600098,7141.700195,6764.814453,1857
2018-10-31,7150.049805,7690.000000,7100.000000,7568.700195,7169.279785,6043
2018-11-01,7574.200195,7749.000000,7548.799805,7592.649902,7191.966309,4823
2018-11-02,7592.649902,7988.000000,7496.000000,7609.299805,7207.736328,4862
2018-11-05,7600.000000,7700.000000,7533.149902,7600.799805,7199.685547,2663
2018-11-06,7552.000000,7659.000000,7501.000000,7532.399902,7134.895996,856
2018-11-07,7624.149902,7639.950195,7499.950195,7537.149902,7139.394531,1828
2018-11-09,7600.000000,7600.000000,7470.000000,7524.100098,7127.033203,5212
2018-11-12,7524.049805,7577.450195,7450.000000,7469.149902,7074.983398,1338
2018-11-13,7469.000000,7560.000000,7469.000000,7517.799805,7121.064941,1722
2018-11-14,7560.000000,7617.000000,7392.000000,7601.399902,7200.254395,9966
2018-11-15,7574.049805,7650.000000,7516.049805,7606.899902,7205.463867,7324
2018-11-16,7600.049805,7650.000000,7521.200195,7631.700195,7228.955566,6334
2018-11-19,7667.950195,7700.000000,7551.250000,7630.549805,7227.865234,1610
2018-11-20,7600.000000,7691.000000,7516.049805,7619.700195,7217.588379,3118
2018-11-21,7599.950195,7600.000000,7526.250000,7542.799805,7144.746582,2540
2018-11-22,7579.950195,7585.000000,7270.200195,7362.750000,6974.197754,4344
2018-11-26,7383.600098,7401.750000,7245.250000,7269.500000,6885.868652,4632
2018-11-27,7270.000000,7270.000000,7161.000000,7189.049805,6809.664551,2838
2018-11-28,7250.000000,7250.000000,7111.200195,7190.250000,6810.801270,5461
2018-11-29,7262.149902,7379.000000,7198.149902,7365.450195,6976.755371,3257
2018-11-30,7380.100098,7473.000000,7305.149902,7420.149902,7028.568848,2451
2018-12-03,7453.950195,7839.700195,7355.000000,7775.549805,7365.214355,8024
2018-12-04,7800.000000,7899.799805,7634.850098,7752.399902,7343.285645,6034
2018-12-05,7753.000000,7755.049805,7575.750000,7656.950195,7252.872559,3007
2018-12-06,7665.450195,7685.000000,7485.000000,7504.049805,7108.041504,1530
2018-12-07,7594.899902,7594.899902,7417.000000,7495.200195,7099.659180,1192
2018-12-10,7420.250000,7469.850098,7271.000000,7394.500000,7004.272461,2720
2018-12-11,7325.000000,7693.100098,7312.149902,7331.350098,6944.455566,4355
2018-12-12,7349.399902,7540.000000,7349.399902,7503.799805,7107.804688,2957
2018-12-13,7505.000000,7624.950195,7476.049805,7508.000000,7111.782715,1727
2018-12-14,7508.049805,7588.950195,7476.049805,7556.000000,7157.249023,1369
2018-12-17,7600.000000,7610.000000,7535.000000,7580.899902,7180.836426,12640
2018-12-18,7648.799805,7650.049805,7490.000000,7504.500000,7108.467285,1470
2018-12-19,7520.000000,7575.000000,7450.000000,7503.750000,7107.757324,2723
2018-12-20,7500.049805,7521.850098,7425.000000,7450.549805,7057.364258,2869
2018-12-21,7450.149902,7495.000000,7385.450195,7410.000000,7018.954102,2398
2018-12-24,7498.000000,7498.000000,7400.100098,7466.250000,7072.235840,3768
2018-12-26,7509.000000,7509.000000,7386.000000,7498.299805,7102.594727,1872
2018-12-27,7507.000000,7545.149902,7460.000000,7469.500000,7075.314941,1743
2018-12-28,7540.000000,7540.000000,7434.000000,7470.950195,7076.687988,1647
2018-12-31,7540.000000,7580.149902,7472.549805,7516.649902,7119.976563,2140
2019-01-01,7550.000000,7598.000000,7455.149902,7580.049805,7180.030273,968
2019-01-02,7580.000000,7580.000000,7506.000000,7527.049805,7129.827637,1013
2019-01-03,7520.299805,7574.000000,7430.000000,7471.950195,7077.635742,1739
2019-01-04,7510.000000,7546.649902,7485.100098,7504.500000,7108.467285,2325
2019-01-07,7520.100098,7575.000000,7520.100098,7574.200195,7174.489746,2894
2019-01-08,7575.000000,7798.000000,7524.200195,7752.049805,7342.954102,6740
2019-01-09,7761.000000,8148.000000,7761.000000,8004.799805,7582.366211,18663
2019-01-10,8011.000000,8200.000000,8011.000000,8113.649902,7685.470215,6160
2019-01-11,8113.649902,8175.850098,8040.950195,8083.450195,7656.865234,6203
2019-01-14,8083.450195,8100.649902,7939.200195,8027.100098,7603.489258,1596
2019-01-15,8025.000000,8144.700195,8025.000000,8111.649902,7683.576660,2973
2019-01-16,8168.000000,8168.000000,8050.000000,8092.049805,7665.010742,2028
2019-01-17,8077.000000,8170.000000,8075.000000,8138.399902,7708.915039,945
2019-01-18,8177.899902,8177.899902,8060.750000,8098.350098,7670.978027,965
2019-01-21,8122.450195,8250.000000,8086.000000,8212.900391,7779.483887,3174
2019-01-22,8203.049805,8241.650391,8160.600098,8212.400391,7779.010742,1183
2019-01-23,8265.000000,8265.000000,8164.299805,8199.950195,7767.217285,1965
2019-01-24,8205.049805,8255.000000,8165.200195,8242.599609,7807.615723,1897
2019-01-25,8249.950195,8273.500000,8200.000000,8205.299805,7772.285156,2332
2019-01-28,8250.000000,8250.000000,7950.000000,8076.299805,7650.091797,3864
2019-01-29,8059.899902,8169.799805,7999.000000,8048.000000,7623.285645,2772
2019-01-30,8079.950195,8080.899902,8010.299805,8042.250000,7617.838867,2067
2019-01-31,8042.250000,8094.950195,8012.100098,8070.100098,7644.218750,2640
2019-02-01,8120.000000,8193.150391,8035.299805,8098.899902,7671.498535,2057
2019-02-04,8070.000000,8174.799805,7971.399902,7993.899902,7572.040527,4290
2019-02-05,7980.000000,8130.049805,7963.899902,8098.000000,7670.646484,2492
2019-02-06,8098.000000,8139.950195,8053.100098,8119.700195,7691.202148,46062
2019-02-07,8129.600098,8325.000000,8099.100098,8238.950195,7804.158691,4141
2019-02-08,8250.000000,8298.799805,7952.000000,8042.000000,7617.602539,3341
2019-02-11,8050.000000,8050.000000,7600.000000,7666.399902,7261.823730,21425
2019-02-12,7700.100098,7787.000000,7640.000000,7754.549805,7345.321777,5889
2019-02-14,7684.250000,7693.850098,7465.350098,7644.750000,7241.316406,5685
2019-02-15,7721.200195,7721.200195,7400.000000,7442.450195,7049.691406,5351
2019-02-18,7500.000000,7500.000000,7211.000000,7264.200195,6880.850098,2938
2019-02-19,7270.049805,7371.950195,7210.500000,7234.750000,6852.952637,2117
2019-02-20,7250.000000,7315.000000,7250.000000,7295.100098,6910.117676,1760
2019-02-21,7295.100098,7310.000000,7176.250000,7246.200195,6863.798828,3112
2019-02-22,7260.149902,7260.250000,7151.200195,7230.549805,6848.975098,3940
2019-02-25,7231.000000,7384.950195,7220.000000,7375.000000,6985.801270,2228
2019-02-26,7302.000000,7380.000000,7262.149902,7359.799805,6971.403809,1961
2019-02-27,7359.950195,7440.000000,7355.000000,7372.700195,6983.623047,4282
2019-02-28,7370.000000,7590.000000,7340.000000,7437.600098,7045.098145,9266
2019-03-01,7429.799805,7435.000000,7313.000000,7333.399902,6946.396484,7366
2019-03-05,7400.000000,7400.000000,7250.000000,7297.350098,6912.249023,7477
2019-03-06,7320.000000,7400.000000,7310.000000,7362.700195,6974.150879,4894
2019-03-07,7360.000000,7400.000000,7261.500000,7280.649902,6896.430176,2927
2019-03-08,7345.000000,7390.000000,7281.399902,7363.850098,6975.239258,3337
2019-03-11,7400.000000,7444.000000,7360.000000,7397.049805,7006.687988,2650
2019-03-12,7395.149902,7487.950195,7345.000000,7355.450195,6967.283203,7505
2019-03-13,7379.899902,7385.000000,7300.000000,7353.149902,6965.104980,7709
2019-03-14,7379.200195,7394.299805,7261.000000,7331.000000,6944.124023,4261
2019-03-15,7330.000000,7374.899902,7275.000000,7291.500000,6906.708008,2273
2019-03-18,7300.049805,7404.000000,7200.000000,7362.299805,6973.771484,16273
2019-03-19,7420.000000,7420.000000,7321.399902,7359.149902,6970.788574,894
2019-03-20,7355.049805,7370.000000,7331.149902,7355.899902,6967.709961,784
2019-03-22,7301.000000,7420.000000,7301.000000,7383.850098,6994.184570,13072
2019-03-25,7389.000000,7419.000000,7317.500000,7399.799805,7009.292969,10833
2019-03-26,7341.200195,7418.950195,7302.000000,7346.450195,6958.757813,4225
2019-03-27,7399.000000,7399.000000,7209.950195,7227.350098,6845.943359,4519
2019-03-28,7259.950195,7331.000000,7242.100098,7274.899902,6890.983398,26845
2019-04-01,7350.000000,7396.549805,7275.000000,7296.850098,6911.775391,37164
2019-04-02,7293.799805,7340.000000,7280.700195,7309.200195,6923.474609,2242
2019-04-03,7310.250000,7370.000000,7310.000000,7329.000000,6942.228516,923
2019-04-04,7321.250000,7330.000000,7236.049805,7260.399902,6877.249512,3341
2019-04-05,7275.000000,7340.000000,7275.000000,7302.200195,6916.844238,1201
2019-04-08,7302.200195,7330.000000,7280.000000,7315.149902,6929.110352,1141
2019-04-09,7313.000000,7379.000000,7300.000000,7332.299805,6945.354980,1381
2019-04-10,7375.000000,7375.000000,7309.950195,7338.250000,6950.991211,959
2019-04-11,7355.000000,7370.000000,7300.000000,7367.700195,6978.887207,2098
2019-04-12,7379.000000,7443.700195,7326.500000,7400.299805,7009.766113,29298
2019-04-15,7428.000000,7900.000000,7428.000000,7827.100098,7414.043457,12336
2019-04-16,7898.700195,8080.000000,7840.000000,8030.500000,7606.708984,12768
2019-04-18,8099.000000,8099.000000,7796.000000,7825.100098,7412.148926,3456
2019-04-22,7770.000000,7813.750000,7668.649902,7715.049805,7307.905762,2227
2019-04-23,7747.799805,7935.000000,7502.000000,7789.850098,7378.758301,5083
2019-04-24,7753.149902,7847.899902,7740.000000,7825.750000,7412.763672,1391
2019-04-25,7825.000000,7890.000000,7613.000000,7640.250000,7237.053223,3733
2019-04-26,7694.000000,7717.000000,7350.000000,7467.500000,7073.419922,4937
2019-04-30,7475.000000,7550.000000,7380.000000,7421.350098,7029.705566,3145
2019-05-02,7425.149902,7486.100098,7400.000000,7420.600098,7028.995117,2239
2019-05-03,7429.950195,7466.899902,7361.299805,7387.950195,6998.068848,1278
2019-05-06,7370.049805,7430.000000,7360.000000,7381.000000,6991.484863,1411
2019-05-07,7420.000000,7430.000000,7252.299805,7287.299805,6902.729980,3922
2019-05-08,7300.000000,7314.000000,7260.000000,7267.899902,6884.354492,7624
2019-05-09,7285.000000,7319.899902,7235.149902,7282.200195,6897.899414,2015
2019-05-10,7282.100098,7310.000000,7265.049805,7276.000000,6892.025879,1088
2019-05-13,7251.000000,7325.000000,7241.000000,7283.850098,6899.462402,4122
2019-05-14,7270.000000,7285.000000,7198.000000,7261.350098,6878.148926,1935
2019-05-15,7277.600098,7300.000000,7221.549805,7274.750000,6890.841797,982
2019-05-16,7298.950195,7299.000000,7160.000000,7191.049805,6811.559570,4140
2019-05-17,7212.000000,7424.000000,7200.000000,7401.700195,7011.092773,2681
2019-05-20,7420.000000,7540.049805,7404.000000,7497.600098,7101.931641,3029
2019-05-21,7540.000000,7835.000000,7497.600098,7696.750000,7290.572754,9070
2019-05-22,7773.700195,7829.000000,7640.700195,7783.649902,7372.885742,2474
2019-05-23,7785.100098,7849.950195,7645.000000,7665.350098,7260.829590,2762
2019-05-24,7770.000000,7941.000000,7709.950195,7909.149902,7491.763184,5151
2019-05-27,7999.850098,8098.000000,7927.399902,8000.950195,7578.719238,11783
2019-05-28,8050.000000,8065.000000,7655.000000,7696.600098,7290.430176,16428
2019-05-29,7749.899902,7839.950195,7737.450195,7806.350098,7394.388672,5816
2019-05-30,7801.000000,7930.000000,7720.049805,7836.799805,7423.230957,27759
2019-05-31,7780.000000,7929.950195,7700.000000,7777.549805,7367.107910,2943
2019-06-03,7791.000000,7910.000000,7711.200195,7884.250000,7468.177246,17758
2019-06-04,7861.000000,7902.000000,7800.000000,7879.049805,7463.251465,5106
2019-06-06,7800.149902,7928.399902,7782.000000,7905.350098,7488.163574,3369
2019-06-07,7807.399902,8010.000000,7801.000000,7965.350098,7544.997070,3506
2019-06-10,7965.000000,8340.000000,7920.149902,8282.450195,7845.362793,11342
2019-06-11,8280.000000,8655.049805,8245.599609,8588.450195,8135.214355,17844
2019-06-12,8600.000000,8700.049805,8550.000000,8609.750000,8155.390625,5761
2019-06-13,8680.000000,8698.799805,8501.250000,8560.650391,8108.881348,3928
2019-06-14,8552.000000,8638.299805,8552.000000,8606.700195,8152.500000,2979
2019-06-17,8638.000000,8638.000000,8501.000000,8511.950195,8062.751465,2261
2019-06-18,8500.000000,8545.000000,8500.000000,8519.700195,8070.092285,2493
2019-06-19,8519.700195,8575.000000,8450.000000,8461.250000,8014.727051,3892
2019-06-20,8472.299805,8472.299805,8272.049805,8419.950195,7975.607422,4777
2019-06-21,8402.000000,8550.000000,8350.000000,8504.150391,8055.363770,1964
2019-06-24,8545.000000,8764.900391,8504.150391,8541.849609,8091.074707,6256
2019-06-25,8600.000000,8600.000000,8500.000000,8557.750000,8106.134277,2575
2019-06-26,8501.000000,8950.000000,8501.000000,8775.799805,8312.677734,8090
2019-06-27,8839.000000,8995.000000,8804.049805,8914.599609,8444.152344,13274
2019-06-28,8920.299805,8950.000000,8725.150391,8887.950195,8418.907227,5041
2019-07-01,8900.000000,9000.650391,8802.000000,8838.049805,8371.642578,3308
2019-07-02,8818.099609,8870.000000,8725.099609,8782.950195,8319.449219,1207
2019-07-03,8726.250000,8844.849609,8726.250000,8802.700195,8338.157227,1366
2019-07-04,8800.000000,8984.000000,8790.049805,8921.150391,8450.357422,3593
2019-07-05,8949.000000,8959.950195,8740.000000,8892.000000,8422.746094,3015
2019-07-08,8804.000000,8849.950195,8600.000000,8677.000000,8219.091797,4193
2019-07-09,8790.000000,8790.000000,8630.049805,8735.400391,8274.409180,1880
2019-07-10,8745.000000,8919.900391,8700.000000,8883.799805,8414.977539,1864
2019-07-11,8882.950195,8975.000000,8853.799805,8916.400391,8445.857422,7062
2019-07-12,8890.000000,8973.750000,8850.000000,8897.250000,8427.718750,9218
2019-07-15,8875.000000,8942.000000,8852.000000,8870.049805,8401.955078,1477
2019-07-16,8870.049805,8912.299805,8764.900391,8779.250000,8315.945313,3763
2019-07-17,8849.500000,8849.500000,8668.099609,8696.150391,8237.230469,1089
2019-07-18,8670.099609,8798.000000,8522.750000,8552.200195,8100.876953,3954
2019-07-19,8556.000000,8645.000000,8500.000000,8572.799805,8120.389648,5249
2019-07-22,8680.000000,8697.849609,8501.000000,8545.250000,8094.292969,5625
2019-07-23,8510.000000,8675.000000,8510.000000,8629.349609,8173.956055,5875
2019-07-24,8675.000000,8675.950195,8517.000000,8629.000000,8173.625000,7720
2019-07-25,8531.000000,8684.799805,8531.000000,8599.349609,8145.538086,4899
2019-07-26,8673.200195,8673.200195,8536.000000,8571.700195,8119.349609,3230
2019-07-29,8677.000000,8677.000000,8411.000000,8441.400391,7995.923828,1624
2019-07-30,8416.000000,8575.000000,8416.000000,8490.799805,8042.717773,7001
2019-07-31,8500.000000,8500.000000,8278.000000,8363.599609,7922.229492,3723
2019-08-01,8326.700195,8491.000000,8300.000000,8447.950195,8002.128906,4155
2019-08-02,8485.000000,8529.000000,8351.250000,8499.299805,8050.769043,3332
2019-08-05,8500.000000,8500.000000,8320.000000,8377.099609,7935.018066,1599
2019-08-06,8325.000000,8476.750000,8325.000000,8438.549805,7993.225098,24272
2019-08-07,8439.000000,8688.000000,8439.000000,8573.250000,8120.815430,2043
2019-08-08,8684.000000,9324.000000,8521.000000,9001.349609,8526.324219,40146
2019-08-09,9099.000000,9427.099609,8961.599609,9048.849609,8571.317383,19832
2019-08-13,9018.400391,9299.000000,8772.950195,9116.799805,8650.021484,17233
2019-08-14,9184.000000,9248.000000,9051.150391,9147.500000,8693.453125,9034
2019-08-16,9147.500000,9198.799805,9095.000000,9114.250000,8661.853516,6541
2019-08-19,9050.849609,9299.000000,9050.799805,9215.400391,8757.982422,7905
2019-08-20,9196.950195,9269.549805,8905.000000,8986.049805,8540.015625,23933
2019-08-21,8956.599609,9114.000000,8900.099609,9001.099609,8554.319336,51632
2019-08-22,9015.000000,9061.099609,8800.000000,8805.549805,8368.476563,8880
2019-08-23,8899.500000,8899.500000,8700.000000,8790.849609,8354.505859,13284
2019-08-26,8899.000000,9275.000000,8840.000000,9230.650391,8772.474609,7374
2019-08-27,9239.849609,9284.950195,9067.250000,9142.950195,8689.129883,6641
2019-08-28,9240.000000,9247.950195,9015.150391,9081.099609,8630.348633,28209
2019-08-29,9021.000000,9110.000000,9015.049805,9090.500000,8639.282227,2979
2019-08-30,9125.000000,9174.000000,9055.150391,9148.599609,8694.497070,4001
2019-09-03,9150.000000,9534.150391,9150.000000,9445.900391,8977.042969,22605
2019-09-04,9450.000000,9600.000000,9440.000000,9508.099609,9036.153320,14708
2019-09-05,9570.000000,9570.000000,9405.000000,9489.799805,9018.761719,5777
2019-09-06,9479.900391,9779.000000,9470.000000,9726.250000,9243.474609,5567
2019-09-09,9675.000000,9999.000000,9675.000000,9944.400391,9450.797852,13588
2019-09-11,9950.000000,9979.900391,9757.000000,9800.549805,9314.086914,17643
2019-09-12,9810.000000,9890.000000,9720.099609,9761.549805,9277.024414,7157
2019-09-13,9721.049805,9887.799805,9721.049805,9833.250000,9345.164063,4298
2019-09-16,9897.950195,10025.099609,9808.000000,9828.650391,9340.793945,14209
2019-09-17,9830.000000,9940.000000,9718.000000,9746.000000,9262.245117,3220
2019-09-18,9775.000000,9960.000000,9775.000000,9936.150391,9442.958984,13899
2019-09-19,9941.799805,9941.799805,9710.000000,9837.299805,9349.014648,32364
2019-09-20,9837.299805,10250.000000,9822.000000,10219.150391,9711.911133,43696
2019-09-23,10400.000000,10950.000000,10400.000000,10716.299805,10184.383789,28089
2019-09-24,10750.000000,10988.799805,10750.000000,10807.450195,10271.010742,6799
2019-09-25,10807.450195,10807.450195,10395.299805,10629.700195,10102.081055,6146
2019-09-26,10673.150391,10998.000000,10672.500000,10922.700195,10380.538086,7417
2019-09-27,10960.000000,10992.200195,10670.000000,10688.799805,10158.249023,12345
2019-09-30,10747.000000,10750.900391,10512.000000,10596.549805,10070.577148,4657
2019-10-01,10575.000000,11070.000000,10555.900391,10861.000000,10321.901367,8170
2019-10-03,10961.000000,11298.000000,10911.000000,10997.849609,10451.958984,13582
2019-10-04,10997.849609,11181.500000,10760.599609,10826.700195,10289.304688,7854
2019-10-07,10896.599609,10950.000000,10600.000000,10662.000000,10132.778320,8334
2019-10-09,10742.099609,11050.000000,10650.000000,10998.599609,10452.670898,8536
2019-10-10,10990.000000,11056.549805,10781.599609,10999.349609,10453.383789,20392
2019-10-11,11000.049805,11011.000000,10915.200195,10989.250000,10443.785156,4587
2019-10-14,11047.950195,11056.549805,10916.549805,10999.599609,10453.621094,17369
2019-10-15,11000.000000,11025.000000,10765.000000,10917.900391,10375.977539,12639
2019-10-16,10949.900391,10998.799805,10868.349609,10949.349609,10405.864258,2736
2019-10-17,10930.049805,11000.000000,10874.950195,10984.049805,10438.840820,9449
2019-10-18,10986.000000,10998.799805,10680.000000,10704.500000,10173.169922,7557
2019-10-22,10699.950195,11000.000000,10350.000000,10699.849609,10168.750000,25468
2019-10-23,10775.000000,10974.000000,10699.849609,10914.250000,10372.508789,15502
2019-10-24,10969.799805,11200.000000,10925.349609,11112.049805,10560.489258,15109
2019-10-25,11200.000000,11494.000000,11126.000000,11407.250000,10841.038086,15152
2019-10-27,11490.000000,11950.000000,11489.849609,11897.349609,11306.811523,7035
2019-10-29,11782.000000,12173.750000,11782.000000,11876.599609,11287.089844,10012
2019-10-30,11900.000000,12051.450195,11900.000000,11922.500000,11330.711914,22409
2019-10-31,11990.000000,12051.450195,11630.000000,11774.400391,11189.964844,6918
2019-11-01,11750.000000,11885.049805,11597.000000,11620.150391,11043.371094,8388
2019-11-04,11770.000000,12400.000000,11770.000000,11987.250000,11392.250000,12263
2019-11-05,12088.000000,12088.000000,11705.000000,11786.549805,11201.510742,5344
2019-11-06,11870.000000,12000.099609,11450.000000,11480.450195,10910.604492,11369
2019-11-07,11515.000000,11760.000000,11510.000000,11695.250000,11114.743164,5421
2019-11-08,11700.000000,11711.000000,11400.000000,11502.950195,10931.987305,5622
2019-11-11,11500.000000,11775.000000,11350.000000,11698.849609,11118.164063,11988
2019-11-13,11868.950195,12043.950195,11702.000000,11794.599609,11209.161133,12778
2019-11-14,11899.000000,12293.099609,11899.000000,12043.250000,11445.469727,32851
2019-11-15,12099.000000,12450.000000,12078.049805,12365.000000,11751.249023,13691
2019-11-18,12450.099609,13050.000000,12401.000000,12815.400391,12179.293945,22583
2019-11-19,12876.000000,12899.950195,12650.000000,12785.150391,12150.542969,6314
2019-11-20,12898.000000,12898.000000,12490.700195,12578.950195,11954.578125,8890
2019-11-21,12635.000000,12749.950195,12351.599609,12392.299805,11777.193359,7168
2019-11-22,12460.000000,12619.000000,12270.049805,12573.400391,11949.305664,7693
2019-11-25,12670.000000,12807.950195,12614.000000,12696.849609,12066.626953,7765
2019-11-26,12740.000000,12843.750000,12500.000000,12592.900391,11967.836914,7848
2019-11-27,12645.000000,12800.000000,12507.000000,12557.150391,11933.860352,7412
2019-11-28,12549.950195,12805.000000,12501.000000,12743.099609,12110.581055,7661
2019-11-29,12750.000000,12792.000000,12510.000000,12578.400391,11954.056641,5272
2019-12-02,12678.400391,12880.000000,12578.400391,12621.250000,11994.777344,7348
2019-12-03,12621.200195,12825.000000,12621.200195,12780.849609,12146.458008,4249
2019-12-04,12820.000000,12820.000000,12655.150391,12798.700195,12163.419922,12376
2019-12-05,12790.000000,12810.000000,12701.000000,12772.450195,12138.474609,2834
2019-12-06,12819.950195,12819.950195,12740.950195,12801.299805,12165.892578,6407
2019-12-09,12801.000000,12850.000000,12701.099609,12763.049805,12129.540039,11885
2019-12-10,12763.049805,12994.000000,12351.049805,12508.049805,11887.197266,7819
2019-12-11,12500.000000,12615.049805,12329.250000,12554.400391,11931.247070,10195
2019-12-12,12561.099609,12910.049805,12561.099609,12804.849609,12169.265625,8498
2019-12-13,12884.950195,13038.849609,12800.750000,12982.150391,12337.764648,5293
2019-12-16,12982.150391,13444.000000,12982.150391,13300.900391,12640.694336,17104
2019-12-17,13300.000000,13470.049805,13210.049805,13381.799805,12717.578125,10167
2019-12-18,13370.000000,13410.000000,13115.250000,13190.900391,12536.154297,5450
2019-12-19,13170.000000,13300.000000,13120.000000,13240.150391,12582.960938,3442
2019-12-20,13238.099609,13300.000000,12800.000000,12984.650391,12340.142578,4712
2019-12-23,13000.000000,13208.049805,12859.950195,13188.750000,12534.109375,5564
2019-12-24,13230.099609,13230.099609,12950.000000,13016.049805,12369.983398,4864
2019-12-26,13070.000000,13210.000000,12950.000000,13080.049805,12430.805664,4104
2019-12-27,13080.000000,13200.150391,13052.549805,13194.250000,12539.337891,5626
2019-12-30,13250.099609,13250.099609,13150.000000,13196.750000,12541.713867,3410
2019-12-31,13199.000000,13202.000000,13049.200195,13075.500000,12426.483398,3735
2020-01-01,13170.599609,13452.150391,13080.000000,13140.000000,12487.780273,4037
2020-01-02,13119.950195,13314.900391,13119.950195,13139.900391,12487.684570,3435
2020-01-03,13170.000000,13274.200195,13150.000000,13248.250000,12590.657227,6850
2020-01-06,13230.400391,13230.400391,12720.000000,12780.299805,12145.933594,9715
2020-01-07,12881.099609,13074.950195,12657.000000,12742.900391,12110.391602,17812
2020-01-08,12700.000000,12850.049805,12575.000000,12727.250000,12095.517578,9286
2020-01-09,12800.000000,12847.950195,12650.000000,12712.049805,12081.072266,5614
2020-01-10,12723.250000,12789.000000,12501.000000,12534.700195,11912.525391,14224
2020-01-13,12632.450195,12632.450195,12509.950195,12586.650391,11961.896484,4133
2020-01-14,12599.000000,12749.000000,12512.599609,12635.599609,12008.415039,6074
2020-01-15,12635.000000,12850.000000,12500.000000,12772.049805,12138.093750,4661
2020-01-16,12872.000000,12919.000000,12563.000000,12614.099609,11987.984375,9186
2020-01-17,12610.099609,12798.900391,12525.000000,12561.450195,11937.947266,5254
2020-01-20,12610.599609,12684.000000,12501.000000,12643.400391,12015.830078,7650
2020-01-21,12660.599609,12750.000000,12580.000000,12713.150391,12082.119141,6644
2020-01-22,12715.250000,12798.549805,12595.000000,12702.200195,12071.710938,3491
2020-01-23,12680.000000,12750.000000,12652.049805,12707.900391,12077.129883,10901
2020-01-24,12640.000000,12747.950195,12550.000000,12597.250000,11971.970703,6744
2020-01-27,12560.000000,12734.299805,12560.000000,12666.299805,12037.592773,8959
2020-01-28,12669.000000,12770.000000,12620.000000,12653.549805,12025.476563,6664
2020-01-29,12698.599609,12729.000000,12620.150391,12655.400391,12027.233398,7315
2020-01-30,12640.200195,12640.200195,12450.000000,12516.549805,11895.274414,6268
2020-01-31,12521.000000,12600.000000,12440.099609,12498.799805,11878.407227,6144
2020-02-03,12320.000000,12851.750000,12186.549805,12746.250000,12113.574219,8753
2020-02-04,12839.000000,13280.000000,12796.250000,13134.349609,12482.411133,13188
2020-02-05,13140.000000,13225.500000,12986.650391,13076.799805,12427.716797,13338
2020-02-06,13100.000000,13199.000000,13001.200195,13103.400391,12452.997070,5686
2020-02-07,13171.000000,14444.000000,13130.599609,14103.150391,13403.123047,106911
2020-02-10,14398.000000,15394.000000,14320.000000,14774.150391,14040.817383,66287
2020-02-11,14890.599609,15144.000000,14200.000000,14460.849609,13743.069336,24841
2020-02-12,14601.599609,14979.299805,14486.950195,14743.250000,14011.450195,15322
2020-02-13,14740.000000,14986.000000,14600.000000,14794.099609,14059.777344,11680
2020-02-14,14790.000000,14889.000000,14725.599609,14785.049805,14051.176758,9285
2020-02-17,14780.000000,14860.000000,14541.200195,14650.950195,13923.731445,16890
2020-02-18,14721.599609,15692.000000,14525.000000,15452.599609,14685.590820,21074
2020-02-19,15668.650391,16190.000000,15668.650391,15722.400391,14942.000977,15038
2020-02-20,15800.000000,15984.150391,15400.099609,15527.650391,14756.916992,10598
2020-02-24,15799.000000,16279.900391,15400.000000,15943.900391,15152.504883,12236
2020-02-25,16000.000000,16249.000000,15970.650391,16202.650391,15398.413086,12934
2020-02-26,16201.000000,16499.000000,15950.000000,16237.099609,15431.151367,14286
2020-02-27,16336.000000,16450.000000,16011.250000,16185.099609,15381.732422,11115
2020-02-28,15900.000000,16109.299805,15455.000000,15718.950195,14938.721680,21702
2020-03-02,15875.000000,16099.900391,15210.000000,15393.599609,14629.520508,15393
2020-03-03,15407.000000,15780.000000,15301.000000,15427.650391,14661.879883,18862
2020-03-04,15562.000000,15562.000000,14500.000000,14992.299805,14248.139648,15287
2020-03-05,15050.000000,15293.950195,14721.049805,14853.549805,14116.275391,14482
2020-03-06,14400.000000,15725.000000,14301.000000,15589.150391,14815.363281,16165
2020-03-09,15698.950195,15877.400391,14680.099609,14930.849609,14189.739258,23279
2020-03-11,14870.000000,15298.799805,14620.250000,14662.250000,13934.471680,18051
2020-03-12,14031.000000,14443.000000,12711.049805,13874.849609,13186.154297,51569
2020-03-13,12700.000000,15499.000000,12600.000000,14973.950195,14230.699219,45793
2020-03-16,14900.000000,14900.000000,14200.000000,14421.549805,13705.718750,17668
2020-03-17,14425.000000,15085.099609,14150.000000,14904.650391,14164.840820,26904
2020-03-18,14954.950195,15399.000000,13850.000000,14238.799805,13532.039063,39061
2020-03-19,13500.000000,13820.000000,12501.450195,13249.299805,12591.655273,33398
2020-03-20,13300.150391,15279.750000,13300.000000,14736.799805,14005.321289,25956
2020-03-23,13500.000000,14200.000000,13001.000000,13271.000000,12612.277344,16933
2020-03-24,13898.000000,14200.000000,13250.000000,13841.500000,13154.460938,11762
2020-03-25,13843.000000,14500.000000,13843.000000,14232.650391,13526.195313,9917
2020-03-26,14300.000000,14798.950195,14200.000000,14392.549805,13678.157227,9283
2020-03-27,14599.000000,14792.000000,13895.000000,14146.099609,13443.940430,12873
2020-03-30,16880.000000,16880.000000,15000.000000,15210.450195,14455.460938,77057
2020-03-31,15575.000000,15694.349609,15101.099609,15451.099609,14684.166992,24891
2020-04-01,15525.349609,15998.000000,15202.000000,15613.599609,14838.600586,17590
2020-04-03,15775.000000,16000.000000,15210.000000,15810.500000,15025.727539,28825
2020-04-07,16200.000000,16899.000000,15901.000000,16699.699219,15870.790039,33512
2020-04-08,16799.449219,18250.000000,16750.000000,17481.099609,16613.402344,57991
2020-04-09,17929.949219,18500.000000,17500.000000,17884.599609,16996.875000,30099
2020-04-13,18240.000000,18400.000000,16800.000000,17232.300781,16376.956055,35122
2020-04-15,17532.300781,17600.000000,16900.000000,17107.150391,16258.017578,35795
2020-04-16,17398.000000,17908.000000,17180.000000,17271.199219,16413.923828,23029
2020-04-17,17501.000000,17650.000000,16712.000000,16918.500000,16078.729492,27215
2020-04-20,17118.000000,17260.050781,16500.000000,16880.849609,16042.949219,14847
2020-04-21,16800.000000,17250.900391,16506.300781,16545.099609,15723.862305,25184
2020-04-22,16545.099609,16799.000000,16250.000000,16467.000000,15649.640625,24406
2020-04-23,16440.000000,16662.000000,16273.250000,16391.099609,15577.507813,13179
2020-04-24,16358.299805,16598.750000,16220.000000,16439.949219,15623.931641,14092
2020-04-27,16599.000000,17140.000000,16402.000000,16981.050781,16138.176758,22737
2020-04-28,17125.000000,17535.000000,16935.000000,16975.050781,16132.472656,28443
2020-04-29,17000.000000,18149.000000,16801.050781,17992.099609,17099.039063,42373
2020-04-30,18050.000000,18200.000000,17520.050781,17730.750000,16850.664063,43951
2020-05-04,17500.000000,18600.000000,17212.349609,18195.349609,17292.201172,40290
2020-05-05,18399.000000,18580.000000,18050.000000,18301.699219,17393.271484,34246
2020-05-06,18301.699219,18399.000000,18117.000000,18162.150391,17260.648438,8887
2020-05-07,18150.000000,18288.800781,17728.099609,17818.949219,16934.480469,10824
2020-05-08,18000.000000,18044.000000,17610.000000,17704.750000,16825.953125,12631
2020-05-11,17900.000000,18025.000000,17751.000000,17907.800781,17018.927734,10372
2020-05-12,18170.000000,18679.750000,17825.550781,18081.900391,17184.382813,23041
2020-05-13,18199.949219,18298.650391,17800.000000,17876.449219,16989.132813,9998
2020-05-14,17600.000000,17991.000000,17580.000000,17907.050781,17018.212891,9333
2020-05-15,17847.000000,17847.000000,17470.199219,17619.550781,16744.982422,14274
2020-05-18,17699.000000,17700.000000,16926.550781,17036.150391,16190.541992,14209
2020-05-19,17269.750000,17299.500000,16450.000000,16506.150391,15686.847656,15296
2020-05-20,16580.000000,16777.000000,16225.000000,16635.199219,15809.490234,14389
2020-05-21,16750.000000,17100.000000,16706.000000,16798.349609,15964.541992,8883
2020-05-22,16818.000000,17000.000000,16325.000000,16423.900391,15608.679688,9692
2020-05-26,16699.000000,16895.750000,16420.000000,16802.000000,15968.013672,17637
2020-05-27,16825.000000,16900.000000,16550.000000,16631.199219,15805.689453,12274
2020-05-28,16710.000000,16775.000000,16550.000000,16594.199219,15770.526367,6476
2020-05-29,16700.000000,16900.000000,16594.050781,16723.400391,15893.316406,14746
2020-06-01,16950.000000,16960.000000,16723.449219,16825.599609,15990.442383,12105
2020-06-02,16910.000000,17000.000000,16751.150391,16883.699219,16045.655273,10071
2020-06-03,16825.000000,16978.000000,16676.300781,16717.300781,15887.516602,16446
2020-06-04,16650.000000,16808.000000,16551.050781,16683.150391,15855.061523,22626
2020-06-05,16753.000000,17399.000000,16650.650391,17163.550781,16311.617188,16188
2020-06-08,17400.000000,17799.000000,16501.000000,16605.099609,15780.884766,70429
2020-06-09,16390.000000,16495.000000,16000.000000,16314.549805,15504.756836,31499
2020-06-10,16350.000000,16480.000000,16120.049805,16325.349609,15515.021484,10387
2020-06-11,16300.000000,16500.000000,15911.000000,16035.500000,15239.558594,19232
2020-06-12,15845.000000,16200.000000,15570.000000,16083.599609,15285.271484,16194
2020-06-15,16100.000000,16270.000000,15950.000000,16093.099609,15294.298828,13198
2020-06-16,16275.000000,16275.000000,15900.000000,16010.500000,15215.799805,8679
2020-06-17,15989.299805,16230.000000,15862.200195,16088.700195,15290.119141,7858
2020-06-18,16200.000000,16200.000000,15800.000000,15850.799805,15064.026367,16241
2020-06-19,15868.000000,15995.000000,15611.099609,15658.450195,14881.223633,17960
2020-06-22,15658.450195,15800.000000,15594.000000,15755.250000,14973.218750,15786
2020-06-23,16000.000000,16000.000000,15696.000000,15732.650391,14951.742188,12767
2020-06-24,15740.000000,15898.799805,15650.000000,15687.000000,14908.356445,12949
2020-06-25,15687.000000,16500.000000,15528.750000,16326.500000,15516.115234,48808
2020-06-26,16326.500000,16394.900391,15900.000000,15956.349609,15164.336914,23091
2020-06-29,15835.000000,15973.950195,15651.200195,15727.000000,14946.370117,8757
2020-06-30,15898.000000,15898.000000,15705.000000,15736.500000,14955.399414,7398
2020-07-01,15799.849609,15890.500000,15732.099609,15755.950195,14973.883789,4858
2020-07-02,15750.000000,15928.950195,15749.950195,15798.700195,15014.512695,7440
2020-07-03,15790.000000,15884.000000,15593.000000,15657.450195,14880.272461,9165
2020-07-06,15780.000000,15850.000000,15670.000000,15723.400391,14942.951172,11795
2020-07-07,15723.400391,15900.000000,15672.049805,15811.700195,15026.867188,9519
2020-07-08,15790.000000,15790.000000,15610.000000,15634.500000,14858.461914,8802
2020-07-09,15690.000000,15732.650391,15531.150391,15548.700195,14776.922852,10453
2020-07-10,15561.000000,15650.000000,15500.000000,15512.599609,14742.612305,7374
2020-07-13,15512.000000,15650.000000,15450.000000,15493.000000,14723.986328,8464
2020-07-14,15452.000000,15560.000000,15201.000000,15248.349609,14491.479492,12806
2020-07-15,15339.000000,15420.000000,15175.000000,15212.250000,14457.170898,10240
2020-07-16,15250.000000,15599.000000,15177.549805,15536.549805,14765.374023,9717
2020-07-17,15546.000000,15743.549805,15225.000000,15262.750000,14505.165039,14329
2020-07-20,15398.799805,15398.799805,15201.250000,15231.799805,14475.750977,11764
2020-07-21,15260.000000,15366.700195,15000.000000,15014.799805,14269.521484,15044
2020-07-22,15051.000000,15199.000000,14900.000000,14937.450195,14196.010742,13732
2020-07-23,14975.000000,15622.500000,14975.000000,15528.849609,14758.057617,29168
2020-07-24,15498.000000,15524.299805,15100.000000,15136.650391,14385.324219,11824
2020-07-27,15224.299805,15224.299805,14933.000000,14947.799805,14205.846680,11891
2020-07-28,14975.000000,15172.000000,14871.799805,14895.150391,14155.810547,13601
2020-07-29,14950.000000,15032.700195,14840.000000,14853.599609,14116.323242,11859
2020-07-30,14965.000000,15025.000000,14811.000000,14905.799805,14165.933594,17781
2020-07-31,14905.000000,15661.650391,14905.000000,15536.349609,14765.184570,46382
2020-08-03,15600.000000,16265.000000,15500.000000,16009.099609,15214.467773,41738
2020-08-04,16212.549805,16449.949219,16000.000000,16376.450195,15563.584961,21760
2020-08-05,16414.449219,16786.000000,16100.000000,16247.200195,15440.750977,20826
2020-08-06,16265.000000,16400.000000,16055.549805,16154.500000,15352.652344,12023
2020-08-07,16248.549805,16298.700195,16079.049805,16199.000000,15394.942383,15324
2020-08-10,17198.000000,17350.000000,16900.000000,16973.300781,16130.810547,52747
2020-08-11,17005.000000,17200.000000,16500.000000,16618.650391,15793.763672,19111
2020-08-12,16618.650391,16799.949219,16256.549805,16683.050781,15854.967773,13801
2020-08-13,16800.000000,16872.500000,16600.000000,16672.849609,15845.272461,9794
2020-08-14,16674.000000,16750.000000,16257.450195,16468.900391,15651.446289,9765
2020-08-17,16570.000000,16830.000000,16475.000000,16675.050781,15847.364258,10045
2020-08-18,16800.000000,16825.000000,16560.000000,16590.800781,15767.295898,10920
2020-08-19,16800.000000,17060.000000,16600.000000,16866.500000,16029.311523,32226
2020-08-20,16901.900391,17099.000000,16850.000000,16867.900391,16030.643555,13122
2020-08-21,16930.000000,17064.000000,16774.300781,16840.250000,16004.365234,10502
2020-08-24,17000.000000,17049.000000,16851.000000,16974.449219,16131.900391,8949
2020-08-25,17100.000000,17100.000000,16895.000000,16898.650391,16059.864258,10095
2020-08-26,16902.000000,17200.000000,16800.099609,16944.000000,16102.964844,13488
2020-08-27,17250.000000,17332.000000,17006.000000,17065.099609,16218.052734,18991
2020-08-28,17132.000000,17194.800781,16780.000000,16816.050781,16116.417969,11894
2020-08-31,16820.000000,16934.150391,16000.000000,16377.099609,15830.345703,13024
2020-09-01,16375.000000,16500.000000,16116.049805,16402.750000,15855.141602,7899
2020-09-02,16400.000000,16460.000000,16205.000000,16390.000000,15842.815430,6368
2020-09-03,16499.000000,16650.000000,16280.750000,16444.500000,15895.497070,8111
2020-09-04,16200.000000,16700.000000,16200.000000,16541.949219,15989.692383,10275
2020-09-07,16555.000000,16720.000000,16300.000000,16486.000000,15935.610352,5594
2020-09-08,16500.000000,16799.000000,16355.200195,16723.000000,16164.697266,9927
2020-09-09,16500.000000,16720.000000,16303.000000,16631.449219,16076.204102,6526
2020-09-10,16584.750000,16781.449219,16480.000000,16526.099609,15974.372070,5670
2020-09-11,16734.949219,16898.000000,16450.099609,16819.250000,16257.734375,11023
2020-09-14,16898.000000,16898.000000,16475.000000,16516.150391,15964.754883,11509
2020-09-15,16620.000000,17050.000000,16466.150391,16895.599609,16331.535156,18596
2020-09-16,16999.949219,16999.949219,16485.750000,16525.099609,15973.404297,13865
2020-09-17,16587.099609,16770.000000,16344.049805,16441.300781,15892.404297,11463
2020-09-18,16480.000000,16690.900391,16441.300781,16506.150391,15955.088867,9247
2020-09-21,16511.050781,16800.000000,15660.000000,15890.150391,15359.653320,23230
2020-09-22,15900.000000,16132.000000,15539.950195,15943.099609,15410.834961,18111
2020-09-23,16181.000000,16290.000000,15755.000000,15988.349609,15454.575195,4112
2020-09-24,15899.000000,16194.950195,15720.099609,15982.900391,15449.307617,7319
2020-09-25,15950.000000,16441.000000,15950.000000,16237.750000,15695.649414,6765
2020-09-28,16315.150391,16499.949219,16168.000000,16318.200195,15773.412109,6713
2020-09-29,16443.650391,16510.099609,16111.599609,16402.000000,15854.414063,7072
2020-09-30,16365.000000,16500.000000,16235.349609,16486.949219,15936.527344,6371
2020-10-01,16470.000000,16595.000000,16325.000000,16384.900391,15837.886719,6133
2020-10-05,16406.000000,16575.000000,15970.099609,15991.599609,15457.715820,13278
2020-10-06,16173.450195,16173.450195,15900.000000,15975.349609,15442.008789,7377
2020-10-07,15972.000000,16200.000000,15955.000000,16004.500000,15470.185547,6556
2020-10-08,16022.000000,16100.000000,15900.000000,16058.799805,15522.673828,5715
2020-10-09,16138.000000,16300.000000,16000.000000,16036.049805,15500.681641,5092
2020-10-12,16120.000000,16187.000000,16050.799805,16110.299805,15572.454102,4751
2020-10-13,16171.150391,16300.000000,16080.000000,16253.200195,15710.583008,5300
2020-10-14,16160.000000,16230.099609,15950.000000,16004.200195,15469.896484,4072
2020-10-15,16065.000000,16230.049805,15901.000000,15957.450195,15424.707031,7125
2020-10-16,15970.000000,16180.799805,15902.099609,16031.450195,15496.236328,4671
2020-10-19,16000.000000,16167.750000,15759.950195,15808.349609,15280.583984,8056
2020-10-20,15890.000000,15890.099609,15731.000000,15796.049805,15268.695313,18997
2020-10-21,15843.500000,16020.099609,15715.750000,15885.150391,15354.819336,4699
2020-10-22,15990.000000,15990.000000,15750.000000,15799.349609,15271.883789,3081
2020-10-23,15790.000000,15961.049805,15588.049805,15624.599609,15102.968750,6950
2020-10-26,15650.000000,15750.000000,15490.000000,15562.000000,15042.458008,5810
2020-10-27,15560.000000,15679.299805,15510.000000,15552.400391,15033.180664,10467
2020-10-28,15550.000000,15605.099609,15235.000000,15327.049805,14815.352539,13579
2020-10-29,15320.000000,15320.000000,15125.000000,15159.900391,14653.782227,10799
2020-10-30,15250.000000,15435.000000,15197.599609,15298.150391,14787.417969,9232
2020-11-02,15300.000000,15550.000000,15150.000000,15512.000000,14994.128906,6686
2020-11-03,15499.599609,15900.000000,15400.000000,15811.549805,15283.677734,9330
2020-11-04,15844.000000,15900.000000,15750.200195,15864.750000,15335.101563,3640
2020-11-05,15860.000000,15979.950195,15750.000000,15775.049805,15248.395508,5085
2020-11-06,15800.000000,15998.500000,15780.000000,15897.799805,15367.048828,4116
2020-11-09,16000.000000,16050.000000,15450.000000,15530.250000,15011.768555,13401
2020-11-10,15688.000000,15688.000000,15400.000000,15504.549805,14986.926758,7282
2020-11-11,15555.000000,15648.900391,15365.000000,15420.750000,14905.923828,12430
2020-11-12,15420.000000,15509.750000,15275.099609,15303.700195,14792.783203,12910
2020-11-13,15390.000000,15450.000000,15315.000000,15367.000000,14853.969727,7685
2020-11-14,15400.000000,15625.000000,15400.000000,15595.549805,15074.887695,2958
2020-11-17,15550.000000,15550.000000,15250.000000,15280.150391,14770.017578,15913
2020-11-18,15349.000000,15425.000000,15050.000000,15096.200195,14592.210938,15922
2020-11-19,15100.000000,15299.000000,15100.000000,15238.650391,14729.904297,9473
2020-11-20,15298.650391,15360.000000,15200.000000,15344.549805,14832.268555,8136
2020-11-23,15400.000000,15450.000000,15169.650391,15197.599609,14690.223633,19703
2020-11-24,15205.000000,15475.000000,15205.000000,15297.650391,14786.935547,17108
2020-11-25,15386.250000,15424.000000,15300.000000,15395.000000,14881.033203,6300
2020-11-26,15450.000000,15450.000000,15306.000000,15354.150391,14841.548828,15162
2020-11-27,15419.450195,15439.950195,15320.000000,15399.049805,14884.948242,5110
2020-12-01,15425.000000,15504.950195,15350.000000,15398.599609,14884.512695,11889
2020-12-02,15450.000000,15450.000000,15133.049805,15215.200195,14707.237305,14017
2020-12-03,15215.250000,15380.000000,15215.000000,15291.099609,14780.602539,7908
2020-12-04,15398.500000,15399.000000,15235.000000,15247.049805,14738.023438,14739
2020-12-07,15250.000000,15330.000000,15230.000000,15293.049805,14782.487305,16214
2020-12-08,15300.000000,15500.000000,15280.099609,15389.849609,14876.056641,27356
2020-12-09,15480.000000,15480.000000,15350.000000,15399.349609,14885.237305,7754
2020-12-10,15399.000000,15699.950195,15250.000000,15568.299805,15048.548828,18274
2020-12-11,15739.900391,16255.500000,15700.000000,16087.549805,15550.462891,58533
2020-12-14,16250.000000,16699.900391,16201.000000,16504.900391,15953.879883,44723
2020-12-15,16600.000000,16695.000000,16300.000000,16379.200195,15832.375977,18840
2020-12-16,16451.000000,16599.000000,16202.000000,16276.599609,15733.201172,19505
2020-12-17,16382.000000,16385.550781,16005.000000,16096.250000,15558.873047,20331
2020-12-18,16200.000000,16268.000000,15910.000000,16178.099609,15637.990234,18119
2020-12-21,16170.000000,16270.000000,15700.000000,15848.250000,15319.151367,21030
2020-12-22,15726.000000,15938.099609,15351.000000,15510.099609,14992.291016,29551
2020-12-23,15643.500000,15900.000000,15526.000000,15777.349609,15250.618164,17990
2020-12-24,15940.000000,15940.000000,15600.000000,15727.400391,15202.336914,13290
2020-12-28,15843.650391,15940.000000,15657.950195,15697.700195,15173.628906,16355
2020-12-29,15777.700195,15899.900391,15600.000000,15701.900391,15177.689453,9933
2020-12-30,15800.000000,15840.049805,15600.000000,15628.400391,15106.642578,11997
2020-12-31,15650.000000,15899.000000,15635.049805,15769.099609,15242.644531,11865
2021-01-01,15800.000000,15856.299805,15698.000000,15746.000000,15220.317383,22888
2021-01-04,15793.750000,15862.900391,15630.900391,15668.049805,15144.967773,16723
2021-01-05,15668.000000,15839.900391,15551.900391,15605.700195,15084.699219,22730
2021-01-06,15689.250000,15800.000000,15483.549805,15550.950195,15031.777344,15681
2021-01-07,15664.299805,15700.000000,15400.000000,15435.950195,14920.617188,19630
2021-01-08,15549.900391,15699.950195,15445.049805,15496.049805,14978.709961,13199
2021-01-11,15520.000000,15650.000000,15415.000000,15483.150391,14966.241211,32292
2021-01-12,15566.849609,15566.849609,15383.000000,15405.400391,14891.087891,21062
2021-01-13,15450.700195,15505.000000,14925.000000,15001.549805,14500.719727,40084
2021-01-14,15100.000000,15198.400391,14992.099609,15003.500000,14502.604492,26752
2021-01-15,15076.150391,15140.000000,14922.000000,14996.049805,14495.402344,17186
2021-01-18,15074.000000,15074.000000,14730.000000,14748.650391,14256.262695,23904
2021-01-19,14844.650391,14922.000000,14568.000000,14601.700195,14114.218750,27878
2021-01-20,14645.000000,14720.000000,14325.000000,14397.200195,13916.545898,39316
2021-01-21,14508.849609,14647.950195,14411.200195,14487.799805,14004.121094,28348
2021-01-22,14549.000000,14569.950195,14350.000000,14399.900391,13919.157227,17701
2021-01-25,14539.549805,14588.599609,14399.900391,14546.650391,14061.006836,13183
2021-01-27,14600.000000,14667.000000,14403.099609,14527.000000,14042.012695,23458
2021-01-28,14550.000000,14618.150391,14348.950195,14576.049805,14089.423828,9956
2021-01-29,14600.000000,14640.650391,14100.000000,14222.049805,13747.244141,29267
2021-02-01,14358.849609,14472.349609,14215.049805,14299.500000,13822.108398,18605
2021-02-02,14350.000000,14462.000000,13959.799805,14093.849609,13623.323242,56037
2021-02-03,14199.849609,14600.000000,14094.000000,14432.099609,13950.280273,23496
2021-02-04,14575.000000,14586.900391,14360.000000,14488.200195,14004.508789,33793
2021-02-05,14542.500000,14550.000000,14405.000000,14477.750000,13994.407227,22721
2021-02-08,14560.000000,14589.000000,14260.450195,14500.599609,14016.493164,29673
2021-02-09,14600.000000,14995.000000,14510.000000,14634.799805,14146.213867,38323
2021-02-10,14630.000000,14630.000000,14291.049805,14371.500000,13891.703125,39275
2021-02-11,14400.500000,14456.299805,14311.250000,14434.549805,13952.648438,18914
2021-02-12,14400.000000,14460.000000,14375.000000,14439.099609,13957.046875,12309
2021-02-15,14469.099609,14599.000000,14400.000000,14448.950195,13966.569336,13660
2021-02-16,14484.750000,14739.000000,14465.000000,14700.700195,14209.914063,23617
2021-02-17,14710.700195,14760.450195,14485.200195,14651.549805,14162.404297,16801
2021-02-18,14649.000000,14949.000000,14555.799805,14918.799805,14420.732422,14887
2021-02-19,14950.000000,14950.000000,14650.000000,14716.299805,14224.992188,9407
2021-02-22,14780.000000,14789.650391,14485.049805,14637.200195,14148.533203,12942
2021-02-23,14705.000000,14748.900391,14454.500000,14471.299805,13988.171875,11319
2021-02-24,14548.099609,14717.500000,14477.000000,14591.599609,14104.455078,5329
2021-02-25,14591.599609,14688.450195,14270.049805,14352.549805,13873.385742,24900
2021-02-26,14352.549805,14484.099609,14228.000000,14389.450195,13909.055664,11859
2021-03-01,14450.000000,14520.000000,14250.000000,14497.750000,14013.739258,19828
2021-03-02,14550.000000,14685.750000,14450.000000,14531.599609,14046.459961,8953
2021-03-03,14630.000000,14844.000000,14537.650391,14613.900391,14126.011719,12011
2021-03-04,14613.900391,14855.000000,14590.000000,14689.349609,14198.942383,11316
2021-03-05,14700.000000,14865.549805,14700.000000,14754.799805,14262.208008,9970
2021-03-08,14770.049805,14850.049805,14625.150391,14759.700195,14266.943359,5777
2021-03-09,14760.000000,14800.000000,14644.000000,14687.549805,14197.202148,6839
2021-03-10,14687.549805,14750.000000,14600.000000,14668.150391,14178.450195,13903
2021-03-12,14689.400391,14718.900391,14503.299805,14616.250000,14128.282227,17952
2021-03-15,14625.000000,14650.000000,14435.000000,14535.799805,14050.519531,10603
2021-03-16,14530.000000,14800.000000,14300.000000,14771.799805,14278.639648,11455
2021-03-17,14825.000000,14825.000000,14540.000000,14731.400391,14239.588867,9390
2021-03-18,14725.000000,14783.200195,14400.000000,14484.799805,14001.221680,8180
2021-03-19,14470.000000,14860.000000,14314.150391,14794.950195,14301.017578,17230
2021-03-22,14855.000000,14855.000000,14500.000000,14646.500000,14157.522461,12736
2021-03-23,14699.000000,14848.000000,14600.049805,14811.549805,14317.062500,10124
2021-03-24,14820.000000,14930.000000,14683.900391,14852.799805,14356.935547,12291
2021-03-25,14852.000000,14993.000000,14666.049805,14893.349609,14396.131836,23134
2021-03-26,14988.799805,15099.000000,14761.049805,15029.500000,14527.736328,13174
2021-03-30,15030.000000,15267.799805,14899.799805,15086.549805,14582.880859,21091
2021-03-31,14990.000000,15085.500000,14925.549805,14983.299805,14483.078125,9339
2021-04-01,15000.000000,15160.049805,14901.000000,14980.049805,14479.937500,21203
2021-04-05,15021.400391,15190.000000,14912.500000,15160.150391,14654.025391,10230
2021-04-06,15190.000000,15294.049805,15120.450195,15216.000000,14708.010742,15326
2021-04-07,15216.049805,15325.000000,15180.000000,15314.549805,14803.269531,10456
2021-04-08,15339.000000,15400.000000,14712.500000,14963.349609,14463.793945,18239
2021-04-09,14963.049805,15253.000000,14960.299805,15233.549805,14724.973633,17352
2021-04-12,15233.000000,15233.000000,14920.000000,15049.700195,14547.262695,17883
2021-04-13,15050.000000,15148.900391,14920.799805,14959.900391,14460.460938,6242
2021-04-15,15000.000000,15082.150391,14855.000000,14919.750000,14421.650391,6685
2021-04-16,15004.000000,15029.750000,14821.250000,14964.849609,14465.244141,21109
2021-04-19,14900.000000,14900.049805,14586.049805,14724.799805,14233.208984,17043
2021-04-20,14901.000000,14990.000000,14750.099609,14839.900391,14344.465820,11046
2021-04-22,14903.099609,15243.799805,14752.200195,15108.700195,14604.292969,16391
2021-04-23,14902.500000,15245.000000,14902.500000,15076.349609,14573.023438,7694
2021-04-26,14999.950195,15094.099609,14950.000000,15052.849609,14550.306641,6842
2021-04-27,15090.849609,15222.750000,15016.250000,15202.599609,14695.056641,6733
2021-04-28,15200.000000,15280.000000,15104.599609,15172.900391,14666.349609,7306
2021-04-29,15173.049805,15230.000000,14985.049805,14997.250000,14496.562500,7789
2021-04-30,15000.000000,15294.950195,14850.000000,15151.750000,14645.904297,11975
2021-05-03,15150.000000,15272.549805,15003.000000,15169.200195,14662.773438,6780
2021-05-04,15169.200195,15450.000000,15070.049805,15314.799805,14803.511719,12152
2021-05-05,15309.000000,15425.000000,15233.599609,15403.450195,14889.202148,11092
2021-05-06,15390.000000,15525.000000,15347.849609,15422.750000,14907.857422,8847
2021-05-07,15458.950195,15900.000000,15329.500000,15850.400391,15321.230469,17276
2021-05-10,15845.000000,16145.000000,15839.849609,16108.950195,15571.149414,24126
2021-05-11,16108.950195,16250.000000,15910.599609,16205.000000,15663.991211,14867
2021-05-12,16202.000000,16299.000000,16051.049805,16158.400391,15618.948242,15023
2021-05-14,16248.000000,16248.000000,15980.349609,16110.000000,15572.163086,11188
2021-05-17,16110.000000,16284.950195,16100.000000,16217.049805,15675.639648,10914
2021-05-18,16200.000000,16300.000000,15933.900391,16053.849609,15517.887695,31255
2021-05-19,16099.000000,16126.799805,15895.000000,16024.099609,15489.130859,17224
2021-05-20,16001.000000,16135.000000,15967.000000,16019.900391,15485.071289,9370
2021-05-21,16019.900391,16190.000000,15900.099609,16036.700195,15501.310547,9375
2021-05-24,16080.000000,16198.549805,16027.799805,16165.650391,15625.956055,8300
2021-05-25,16189.150391,16400.000000,16055.549805,16131.400391,15592.849609,11933
2021-05-26,16194.849609,16194.849609,15975.000000,16049.450195,15513.635742,10557
2021-05-27,16000.000000,16105.549805,15950.000000,15993.849609,15459.890625,16229
2021-05-28,15993.000000,16171.849609,15874.950195,16102.299805,15564.720703,29672
2021-05-31,16172.000000,16202.750000,15993.000000,16029.049805,15493.916016,11121
2021-06-01,16057.849609,16100.000000,15903.000000,15958.150391,15425.382813,18590
2021-06-02,15950.000000,16000.000000,15890.000000,15988.299805,15454.526367,27349
2021-06-03,15988.299805,16160.000000,15905.000000,15964.700195,15431.714844,41595
2021-06-04,15999.000000,16040.000000,15910.000000,15940.400391,15408.226563,13351
2021-06-07,15945.799805,15972.750000,15860.099609,15897.950195,15367.193359,9265
2021-06-08,15927.250000,16000.000000,15832.000000,15954.349609,15421.708984,63089
2021-06-09,15955.000000,16280.000000,15870.000000,16076.950195,15540.216797,32791
2021-06-10,16200.000000,16247.900391,16076.950195,16106.150391,15568.441406,14674
2021-06-11,16124.250000,16390.000000,16005.000000,16327.299805,15782.208984,17102
2021-06-14,16400.000000,16554.750000,16137.049805,16290.700195,15746.830078,30110
2021-06-15,16275.000000,16500.000000,16229.400391,16461.199219,15911.637695,16824
2021-06-16,16500.000000,16500.000000,16326.650391,16446.199219,15897.138672,7235
2021-06-17,16446.199219,16600.000000,16331.500000,16526.449219,15974.709961,9974
2021-06-18,16490.000000,16630.000000,16020.000000,16536.699219,15984.617188,18388
2021-06-21,16235.000000,16749.849609,16235.000000,16573.650391,16020.333984,11063
2021-06-22,16591.599609,16749.000000,16414.300781,16670.849609,16114.289063,16137
2021-06-23,16669.000000,16744.000000,16400.000000,16427.599609,15879.160156,10592
2021-06-24,16410.000000,16500.000000,16340.000000,16397.449219,15850.016602,9503
2021-06-25,16487.849609,16572.349609,16355.049805,16471.400391,15921.499023,6029
2021-06-28,16560.000000,16900.000000,16400.199219,16828.300781,16266.483398,21242
2021-06-29,16782.000000,16910.000000,16430.000000,16537.349609,15985.246094,8739
2021-06-30,16662.449219,16900.500000,16498.400391,16808.900391,16247.730469,10954
2021-07-01,16825.349609,16875.000000,16650.000000,16736.349609,16177.604492,8099
2021-07-02,16740.000000,16799.900391,16661.000000,16764.650391,16204.957031,5269
2021-07-05,16870.000000,16870.000000,16705.250000,16809.750000,16248.551758,5649
2021-07-06,16800.000000,17289.699219,16776.500000,17227.250000,16652.113281,20820
2021-07-07,17355.000000,17355.000000,17057.699219,17260.599609,16684.351563,11796
2021-07-08,17260.699219,17283.349609,17101.949219,17257.099609,16680.966797,6314
2021-07-09,17205.050781,17400.000000,17200.000000,17250.199219,16674.294922,32915
2021-07-12,17339.150391,17540.000000,17211.000000,17318.550781,16740.367188,26123
2021-07-13,17355.000000,17441.000000,17220.050781,17400.449219,16819.531250,15861
2021-07-14,17400.000000,17498.800781,17320.050781,17388.650391,16808.125000,5283
2021-07-15,17388.650391,17400.000000,17211.150391,17336.449219,16757.667969,6140
2021-07-16,17399.000000,17649.000000,17250.500000,17484.449219,16900.726563,24326
2021-07-19,17250.000000,17430.000000,17222.750000,17344.250000,16915.160156,8646
2021-07-20,17301.099609,17507.500000,17100.000000,17469.400391,17037.214844,9865
2021-07-22,17470.000000,17600.000000,17355.300781,17529.650391,17095.972656,11590
2021-07-23,17480.000000,17850.000000,17418.550781,17815.849609,17375.091797,8469
2021-07-26,17900.000000,17985.000000,17619.949219,17859.849609,17418.003906,7380
2021-07-27,17825.050781,18006.000000,17820.000000,17992.400391,17547.277344,24249
2021-07-28,17985.000000,17985.000000,17807.500000,17935.150391,17491.443359,15320
2021-07-29,17918.800781,18230.000000,17800.050781,18193.949219,17743.837891,7232
2021-07-30,18190.000000,19244.699219,18049.949219,19012.750000,18542.382813,24423
2021-08-02,19000.000000,19994.699219,18999.000000,19750.699219,19262.076172,46979
2021-08-03,19750.699219,19750.699219,19200.000000,19266.750000,18790.099609,17240
2021-08-04,19300.000000,19335.000000,17825.000000,18029.650391,17583.603516,43772
2021-08-05,18080.000000,18281.550781,17583.800781,17925.150391,17481.691406,19336
2021-08-06,18034.000000,18343.400391,17420.099609,17506.050781,17072.958984,37697
2021-08-09,17676.699219,17743.849609,17355.050781,17507.349609,17074.222656,15511
2021-08-10,17599.000000,18517.949219,17540.050781,18328.699219,17875.255859,33225
2021-08-11,18025.000000,18480.000000,17993.099609,18290.800781,17838.294922,18189
2021-08-12,18350.400391,18656.900391,18201.099609,18596.800781,18136.724609,15607
2021-08-13,18569.400391,19165.000000,18360.300781,19010.550781,18540.238281,20722
2021-08-16,19099.900391,19221.300781,18747.349609,18955.800781,18486.839844,11238
2021-08-17,19000.000000,19140.000000,18730.050781,19045.300781,18574.130859,12161
2021-08-18,18900.000000,19125.400391,18820.000000,18886.699219,18419.449219,5775
2021-08-20,18820.000000,19210.000000,18645.250000,19074.400391,18602.507813,12055
2021-08-23,19050.000000,19101.000000,18804.000000,18945.449219,18476.746094,7464
2021-08-24,18900.000000,19097.750000,18868.000000,18925.300781,18457.095703,6666
2021-08-25,18925.300781,19000.000000,18712.050781,18898.900391,18431.349609,8637
2021-08-26,18999.900391,19351.500000,18760.050781,18906.650391,18438.910156,11606
2021-08-27,19000.000000,19099.949219,18915.400391,19028.800781,18558.035156,3959
2021-08-30,19092.400391,19199.900391,18911.000000,19137.800781,18664.341797,5847
2021-08-31,19109.900391,19398.000000,19071.599609,19272.099609,18795.316406,7133
2021-09-01,19400.000000,20198.000000,19345.650391,20028.800781,19533.294922,39643
2021-09-02,20150.000000,20168.849609,19750.000000,19832.800781,19342.146484,19500
2021-09-03,20000.000000,20122.000000,19780.000000,19850.800781,19359.701172,10014
2021-09-06,19985.900391,19986.000000,19509.000000,19617.900391,19132.562500,7432
2021-09-07,19771.400391,19896.750000,19520.099609,19711.550781,19223.896484,6915
2021-09-08,19700.000000,20100.000000,19657.349609,19994.949219,19500.285156,10007
2021-09-09,19994.949219,20942.000000,19852.449219,20706.900391,20194.621094,29888
2021-09-13,20600.000000,21498.000000,20600.000000,21378.550781,20849.654297,50871
2021-09-14,21400.000000,21870.000000,21311.000000,21454.050781,20923.285156,22983
2021-09-15,21455.000000,21465.949219,21050.500000,21124.300781,20601.697266,13548
2021-09-16,21264.000000,21420.699219,20900.000000,21004.099609,20484.466797,10406
2021-09-17,20901.000000,21083.000000,20250.000000,20480.599609,19973.919922,15232
2021-09-20,20480.500000,20887.949219,20161.400391,20559.300781,20050.671875,12344
2021-09-21,20486.500000,20850.000000,20300.000000,20786.449219,20272.203125,6756
2021-09-22,20800.000000,21500.050781,20800.000000,21464.949219,20933.914063,17468
2021-09-23,21474.000000,21698.000000,21474.000000,21604.400391,21069.917969,8679
2021-09-24,21699.000000,21728.000000,21075.000000,21204.949219,20680.349609,10727
2021-09-27,21394.000000,21394.000000,21137.800781,21183.400391,20659.332031,6091
2021-09-28,21237.000000,21378.349609,20821.099609,21010.800781,20491.003906,21415
2021-09-29,21010.800781,21010.800781,19201.000000,19555.800781,19071.998047,65120
2021-09-30,19800.000000,20642.000000,19703.199219,20517.800781,20010.197266,50607
2021-10-01,20499.500000,22569.550781,20462.000000,22031.250000,21486.205078,93068
2021-10-04,22810.000000,23371.949219,22300.000000,23108.849609,22537.148438,112685
2021-10-05,23200.000000,23934.449219,23100.000000,23184.500000,22610.925781,82214
2021-10-06,23200.000000,23720.849609,21854.800781,22100.099609,21553.351563,56156
2021-10-07,22475.849609,22868.800781,21610.000000,21741.199219,21203.330078,45763
2021-10-08,22100.000000,22250.000000,21555.000000,21796.900391,21257.654297,26368
2021-10-11,21969.500000,22171.300781,21700.000000,22024.599609,21479.720703,17443
2021-10-12,22150.000000,22279.949219,21617.150391,21705.849609,21168.855469,18841
2021-10-13,21902.000000,21902.000000,21500.000000,21589.050781,21054.949219,13179
2021-10-14,21699.900391,21850.000000,21446.849609,21551.550781,21018.375000,11247
2021-10-18,21700.000000,22036.949219,21363.699219,21432.199219,20901.978516,15207
2021-10-19,21451.000000,21574.900391,20454.599609,20573.750000,20064.765625,19251
2021-10-20,20639.000000,21366.000000,20328.900391,20686.099609,20174.333984,43185
2021-10-21,20866.000000,21096.699219,20553.800781,20992.000000,20472.667969,11775
2021-10-22,20992.000000,21199.949219,20125.000000,20239.550781,19738.833984,16585
2021-10-25,20280.000000,20444.800781,19700.000000,20049.800781,19553.775391,15978
2021-10-26,20100.000000,20286.150391,20000.000000,20205.199219,19705.330078,29284
2021-10-27,20205.199219,20699.949219,20010.099609,20607.699219,20097.873047,15321
2021-10-28,20688.000000,20688.000000,20000.000000,20017.150391,19521.933594,9606
2021-10-29,20084.949219,20271.250000,19725.099609,20049.400391,19553.388672,11312
2021-11-01,20025.000000,20244.800781,19866.599609,19956.949219,19463.224609,14285
2021-11-02,20100.000000,20400.000000,20075.000000,20308.349609,19805.929688,9394
2021-11-03,20200.000000,20483.599609,20111.050781,20296.000000,19793.886719,8666
2021-11-04,20390.000000,20469.449219,20207.349609,20295.050781,19792.960938,1687
2021-11-08,20210.099609,20384.199219,19995.050781,20025.650391,19530.224609,7471
2021-11-09,19994.000000,20250.000000,19960.050781,20071.699219,19575.134766,7363
2021-11-10,20046.000000,20150.000000,19960.000000,20057.650391,19561.433594,5187
2021-11-11,20059.000000,20100.000000,19905.050781,19990.449219,19495.894531,18105
2021-11-12,20001.000000,20056.500000,19705.550781,19754.650391,19265.927734,11666
2021-11-15,19788.000000,20076.800781,19701.050781,19950.500000,19456.933594,16684
2021-11-16,19951.150391,20100.199219,19725.000000,19784.949219,19295.478516,12440
2021-11-17,19769.900391,19830.000000,19575.000000,19664.900391,19178.398438,5484
2021-11-18,19775.000000,19775.000000,19251.250000,19602.500000,19117.542969,11976
2021-11-22,19739.900391,19739.900391,19450.150391,19512.099609,19029.376953,10912
2021-11-23,19500.000000,19847.500000,19251.449219,19736.849609,19248.568359,7955
2021-11-24,19879.849609,19879.849609,19000.000000,19167.400391,18693.207031,12697
2021-11-25,19237.000000,19404.000000,19120.250000,19317.949219,18840.031250,11434
2021-11-26,19200.000000,20196.699219,19100.000000,19581.199219,19096.769531,31782
2021-11-29,19581.199219,19660.800781,19100.000000,19157.949219,18683.990234,13807
2021-11-30,19299.000000,19374.900391,19010.099609,19087.250000,18615.037109,10597
2021-12-01,19100.199219,19319.900391,18849.150391,18947.599609,18478.843750,10646
2021-12-02,19089.949219,19192.199219,18820.150391,19004.900391,18534.726563,12442
2021-12-03,19074.000000,19275.000000,18909.050781,18997.699219,18527.703125,7242
2021-12-06,18996.750000,18998.949219,18626.650391,18711.699219,18248.781250,8065
2021-12-07,18750.050781,18899.000000,18690.000000,18760.050781,18295.937500,6698
2021-12-08,18895.000000,19113.699219,18760.250000,18932.449219,18464.070313,8365
2021-12-09,19049.300781,19150.000000,18820.000000,18859.500000,18392.925781,8208
2021-12-10,18900.000000,18981.449219,18640.000000,18660.199219,18198.554688,6950
2021-12-13,18848.849609,18848.900391,18271.099609,18343.949219,17890.128906,17514
2021-12-14,18325.050781,18470.500000,18065.000000,18273.750000,17821.664063,18730
2021-12-15,18344.000000,18572.650391,18063.349609,18527.099609,18068.746094,11708
2021-12-16,18620.000000,18678.550781,18311.000000,18439.949219,17983.753906,9024
2021-12-17,18251.000000,18367.000000,17900.000000,18104.900391,17656.992188,11504
2021-12-20,17950.000000,18000.000000,17681.650391,17917.250000,17473.986328,13512
2021-12-21,17999.500000,18094.900391,17870.199219,17907.000000,17463.990234,10556
2021-12-22,18059.500000,18254.150391,17907.349609,18219.750000,17769.003906,8414
2021-12-23,18349.000000,18798.000000,18260.000000,18714.800781,18251.806641,22104
2021-12-24,18750.000000,18750.000000,18352.050781,18423.449219,17967.660156,5807
2021-12-27,18399.000000,19099.000000,18184.550781,18794.250000,18329.287109,20383
2021-12-28,18756.199219,19105.000000,18756.199219,19050.650391,18579.345703,14103
2021-12-29,19000.000000,19397.949219,18955.650391,19316.650391,18838.763672,11006
2021-12-30,19298.800781,19500.000000,19161.000000,19381.949219,18902.449219,10120
2021-12-31,19381.949219,19604.500000,19381.949219,19485.650391,19003.582031,6185
2022-01-03,19550.000000,19620.000000,19233.099609,19285.099609,18807.992188,9259
2022-01-04,19397.949219,19397.949219,18909.050781,18986.199219,18516.488281,12711
2022-01-05,19048.699219,19221.599609,18781.550781,18866.349609,18399.605469,10135
2022-01-06,18866.000000,19112.400391,18661.250000,18725.699219,18262.433594,14037
2022-01-07,18750.000000,18850.699219,18299.949219,18372.900391,17918.363281,13554
2022-01-10,18426.000000,18549.000000,18300.000000,18314.050781,17860.968750,11833
2022-01-11,18399.800781,18449.949219,18065.050781,18169.400391,17719.896484,19994
2022-01-12,18200.000000,18306.650391,17839.000000,17888.199219,17445.652344,29172
2022-01-13,17908.000000,18097.250000,17790.000000,17809.900391,17369.291016,19661
2022-01-14,17850.000000,17950.000000,17670.000000,17690.449219,17252.794922,17547
2022-01-17,17839.849609,17889.949219,17466.000000,17515.400391,17082.076172,24521
2022-01-18,17670.000000,17670.000000,17150.000000,17181.099609,16756.046875,28817
2022-01-19,17239.000000,17342.400391,16993.000000,17018.300781,16597.277344,24104
2022-01-20,17049.000000,17123.750000,16581.349609,16819.849609,16403.734375,31644
2022-01-21,16800.000000,17356.699219,16662.050781,16980.849609,16560.751953,46825
2022-01-24,16970.000000,16996.000000,16111.099609,16335.650391,15931.513672,30513
2022-01-25,16349.849609,16939.500000,15965.000000,16718.900391,16305.282227,35045
2022-01-27,16485.000000,16594.750000,15951.049805,16219.200195,15817.944336,35683
2022-01-28,16444.000000,16495.300781,15960.000000,16083.200195,15685.308594,26606
2022-01-31,16199.000000,16229.900391,15983.000000,16079.750000,15681.943359,34117
2022-02-01,16200.000000,16200.000000,15986.000000,16140.150391,15740.850586,20818
2022-02-02,16234.000000,16471.050781,16066.099609,16201.299805,15800.486328,22394
2022-02-03,16179.000000,16398.949219,16018.799805,16083.349609,15685.454102,22333
2022-02-04,16214.900391,16214.900391,15794.700195,15864.049805,15471.580078,19876
2022-02-07,15864.000000,15964.099609,15516.099609,15775.349609,15385.074219,27259
2022-02-08,15885.000000,15898.450195,15514.000000,15562.599609,15177.587891,20754
2022-02-09,15660.000000,16811.000000,15545.049805,16672.400391,16259.933594,110598
2022-02-10,16830.000000,16900.000000,16215.049805,16615.000000,16203.953125,72856
2022-02-11,16600.000000,16783.000000,16300.049805,16537.050781,16127.930664,22038
2022-02-14,16218.000000,16399.599609,16058.450195,16137.500000,15738.265625,33856
2022-02-15,16200.000000,16535.900391,16047.200195,16464.800781,16057.467773,15150
2022-02-16,16534.000000,17287.949219,16534.000000,16992.199219,16571.822266,60602
2022-02-17,16992.199219,17250.000000,16666.750000,16762.300781,16347.610352,22194
2022-02-18,16762.300781,16762.300781,16300.000000,16379.150391,15973.936523,14857
2022-02-21,16379.150391,16763.000000,16180.000000,16292.299805,15889.234375,29533
2022-02-22,16000.000000,16757.000000,15981.000000,16714.750000,16301.234375,32935
2022-02-23,16751.099609,17069.900391,16625.050781,17021.250000,16600.150391,27205
2022-02-24,16300.000000,16950.000000,16300.000000,16777.599609,16362.529297,43783
2022-02-25,16800.000000,17504.800781,16800.000000,17379.800781,16949.833984,26214
2022-02-28,17379.800781,17774.949219,17180.000000,17556.500000,17122.160156,24091
2022-03-02,17500.000000,17500.000000,16900.099609,17200.250000,16774.724609,29193
2022-03-03,17175.000000,17485.099609,17120.449219,17432.300781,17001.033203,22904
2022-03-04,17301.099609,17648.000000,16908.000000,17459.400391,17027.462891,23670
2022-03-07,17000.250000,17549.949219,17000.250000,17415.300781,16984.453125,23513
2022-03-08,17416.000000,17758.800781,17285.449219,17705.849609,17267.814453,20115
2022-03-09,17824.949219,17948.000000,17701.000000,17833.699219,17392.503906,13991
2022-03-10,17900.000000,17999.000000,17440.000000,17496.699219,17063.837891,15943
2022-03-11,17505.000000,17649.699219,17124.000000,17268.650391,16841.429688,25377
2022-03-14,17349.000000,17700.000000,17000.000000,17041.449219,16619.851563,16615
2022-03-15,17198.599609,17294.599609,17070.000000,17203.949219,16778.330078,15049
2022-03-16,17307.900391,17491.900391,17250.000000,17322.400391,16893.853516,17657
2022-03-17,17360.000000,17498.349609,17115.000000,17257.900391,16830.947266,14542
2022-03-21,17398.849609,17449.000000,17144.949219,17251.900391,16825.095703,9665
2022-03-22,17285.949219,17285.949219,16650.500000,16685.599609,16272.804688,19462
2022-03-23,16670.000000,16879.900391,16500.000000,16642.050781,16230.333008,10867
2022-03-24,16642.050781,16698.900391,16400.000000,16469.250000,16061.807617,9497
2022-03-25,16501.050781,16593.750000,16000.000000,16021.849609,15625.475586,42490
2022-03-28,16000.000000,16340.000000,15870.000000,16238.750000,15837.010742,31916
2022-03-29,16298.900391,17000.000000,16230.000000,16909.949219,16491.603516,27342
2022-03-30,17100.000000,17350.000000,16746.599609,17276.300781,16848.892578,20432
2022-03-31,17220.000000,17750.099609,17149.949219,17702.849609,17264.888672,37987
2022-04-01,17740.000000,17740.000000,17400.000000,17512.400391,17079.150391,13903
2022-04-04,17512.400391,17649.949219,17408.800781,17549.599609,17115.429688,17143
2022-04-05,17500.000000,17690.000000,17500.000000,17628.250000,17192.132813,8770
2022-04-06,17600.050781,17849.949219,17562.000000,17676.150391,17238.851563,12869
2022-04-07,17676.150391,18369.900391,17650.199219,18164.250000,17714.875000,30763
2022-04-08,18398.199219,18398.199219,17936.250000,17999.000000,17553.712891,15052
2022-04-11,18000.000000,18183.400391,17950.449219,18067.800781,17620.810547,8949
2022-04-12,18049.800781,18097.750000,17750.300781,17819.150391,17378.312500,8708
2022-04-13,18000.000000,18000.000000,17710.000000,17805.050781,17364.560547,5758
2022-04-18,17800.000000,17800.000000,17300.150391,17341.150391,16912.136719,9766
2022-04-19,17350.000000,17477.000000,16800.000000,16944.800781,16525.593750,10946
2022-04-20,17049.949219,17094.599609,16792.000000,16843.199219,16426.505859,12091
2022-04-21,16945.000000,17539.949219,16911.650391,17428.849609,16997.667969,17973
2022-04-22,17450.000000,17698.000000,17250.000000,17573.699219,17138.931641,12426
2022-04-25,17397.000000,17749.000000,17257.349609,17603.550781,17168.046875,10408
2022-04-26,17727.550781,17800.000000,17381.099609,17542.300781,17108.312500,7493
2022-04-27,17430.050781,17597.449219,17336.050781,17413.650391,16982.843750,5848
2022-04-28,17518.300781,17518.900391,17128.099609,17257.900391,16830.947266,8023
2022-04-29,17300.000000,17393.699219,17011.000000,17079.750000,16657.205078,5799
2022-05-02,17079.750000,17199.949219,16846.400391,17081.550781,16658.958984,8825
2022-05-04,17081.550781,17081.550781,16550.000000,16665.500000,16253.202148,8932
2022-05-05,16703.699219,16855.400391,16560.250000,16615.099609,16204.048828,8450
2022-05-06,16320.150391,17048.750000,16300.000000,16984.300781,16564.117188,19270
2022-05-09,16948.000000,16951.000000,16600.050781,16701.550781,16288.363281,7536
2022-05-10,16798.949219,16998.000000,16451.500000,16656.050781,16243.986328,8385
2022-05-11,16660.000000,16793.050781,16251.750000,16572.150391,16162.163086,7553
2022-05-12,16500.000000,16923.300781,16200.000000,16780.650391,16365.502930,10476
2022-05-13,16820.000000,16943.000000,16411.000000,16544.650391,16135.342773,10015
2022-05-16,16800.000000,16800.000000,16316.000000,16500.250000,16092.041992,8640
2022-05-17,16499.599609,17838.000000,16439.199219,17636.099609,17199.791016,57647
2022-05-18,17499.000000,17986.150391,17438.650391,17875.550781,17433.318359,27037
2022-05-19,17400.000000,18195.000000,17337.599609,18129.300781,17680.789063,43427
2022-05-20,18200.000000,18298.449219,17880.599609,17950.449219,17506.361328,14477
2022-05-23,18059.250000,18294.750000,17574.300781,17737.699219,17298.876953,15705
2022-05-24,17737.699219,18285.000000,17427.400391,18197.449219,17747.251953,19810
2022-05-25,18260.000000,18290.000000,17990.500000,18056.250000,17609.544922,10875
2022-05-26,18056.000000,18162.650391,17648.000000,17710.550781,17272.398438,9604
2022-05-27,17810.000000,17985.000000,17516.550781,17938.550781,17494.759766,12810
2022-05-30,17949.000000,18193.949219,17859.000000,17899.449219,17456.625000,9441
2022-05-31,17940.000000,18077.400391,17600.000000,17725.300781,17286.783203,13243
2022-06-01,17800.000000,18000.000000,17699.050781,17775.400391,17335.646484,5702
2022-06-02,17775.500000,18595.000000,17611.900391,18376.150391,17921.533203,55095
2022-06-03,18450.000000,18599.000000,17764.000000,17828.599609,17387.529297,16530
2022-06-06,17828.599609,17999.349609,17550.000000,17691.050781,17253.380859,9985
2022-06-07,17691.050781,18000.000000,17691.050781,17748.150391,17309.070313,12134
2022-06-08,17800.000000,18350.000000,17760.000000,17971.650391,17527.041016,23988
2022-06-09,17706.050781,18195.000000,17600.000000,18057.349609,17610.617188,15711
2022-06-10,17989.949219,18280.000000,17800.000000,18191.449219,17741.400391,12116
2022-06-13,18055.000000,18098.650391,17809.050781,17904.849609,17461.888672,11584
2022-06-14,17825.000000,17985.400391,17673.800781,17737.050781,17298.244141,9754
2022-06-15,17950.000000,17999.000000,17741.000000,17909.900391,17466.818359,8592
2022-06-16,18000.000000,18400.000000,17805.699219,17955.150391,17510.947266,12617
2022-06-17,17955.150391,18200.650391,17800.000000,17910.150391,17467.060547,19491
2022-06-20,17850.000000,18024.550781,17701.000000,17828.400391,17387.332031,13443
2022-06-21,17828.400391,18195.000000,17828.400391,18123.199219,17674.837891,11288
2022-06-22,18100.000000,18200.000000,17864.050781,17958.800781,17514.507813,12304
2022-06-23,17925.000000,18105.000000,17810.000000,18039.599609,17593.308594,14917
2022-06-24,18100.000000,18200.000000,17954.949219,18058.449219,17611.693359,10505
2022-06-27,18101.550781,18298.000000,17937.099609,18000.349609,17555.029297,12115
2022-06-28,18036.500000,18200.000000,17862.000000,18137.050781,17688.347656,11481
2022-06-29,18075.949219,19150.000000,17971.150391,18992.800781,18522.927734,42662
2022-06-30,18900.000000,19089.900391,18605.000000,18760.400391,18296.277344,16419
2022-07-01,18700.400391,19200.000000,18605.000000,19100.400391,18627.865234,12396
2022-07-04,19100.400391,19300.000000,18901.000000,18945.250000,18476.552734,16058
2022-07-05,18950.000000,19059.800781,18606.300781,18635.349609,18174.318359,7490
2022-07-06,18748.750000,19293.949219,18672.400391,19191.550781,18716.761719,17195
2022-07-07,19250.000000,19352.699219,19155.050781,19287.699219,18810.529297,10721
2022-07-08,19312.150391,19599.949219,19193.150391,19474.699219,18992.904297,14700
2022-07-11,19450.000000,19666.000000,19306.400391,19344.400391,18865.828125,6205
2022-07-12,19300.000000,19574.099609,19180.199219,19463.199219,18981.689453,8572
2022-07-13,19687.000000,19687.000000,19324.949219,19557.500000,19073.656250,8425
2022-07-14,19557.500000,19860.000000,19255.000000,19478.199219,18996.316406,10608
2022-07-15,19585.650391,19779.949219,19510.050781,19746.949219,19258.419922,6942
2022-07-18,19750.000000,19939.400391,19630.000000,19867.349609,19375.839844,9665
2022-07-19,19864.000000,19979.949219,19700.000000,19825.550781,19335.076172,8099
2022-07-20,19920.000000,20087.000000,19800.000000,20014.250000,19519.105469,9137
2022-07-21,20027.000000,20149.000000,19935.000000,20117.650391,19619.949219,31421
2022-07-22,20149.000000,20200.000000,19715.000000,19949.900391,19456.349609,15823
2022-07-25,19900.000000,19999.000000,19630.050781,19737.449219,19249.152344,11470
2022-07-26,19700.050781,19823.000000,19351.750000,19426.349609,18945.750000,11628
2022-07-27,19426.349609,19955.000000,19300.000000,19861.000000,19369.648438,13939
2022-07-28,19870.000000,19999.000000,19583.949219,19762.300781,19273.390625,8753
2022-07-29,20025.599609,20093.949219,19800.000000,20015.099609,19519.935547,13390
2022-08-01,20051.000000,20720.949219,20015.599609,20543.349609,20035.117188,22175
2022-08-02,20440.000000,20900.800781,20100.000000,20508.849609,20128.845703,26850
2022-08-03,20508.849609,20730.000000,20010.000000,20621.449219,20368.470703,20656
2022-08-04,20690.000000,20800.000000,20200.349609,20413.400391,20162.974609,13532
2022-08-05,20448.849609,20600.000000,20252.000000,20426.250000,20175.664063,11848
2022-08-08,20400.000000,20611.349609,20197.300781,20300.000000,20050.964844,12436
2022-08-10,20310.000000,20547.750000,19533.000000,19604.199219,19363.699219,25672
2022-08-11,19800.000000,19937.400391,18852.050781,18917.550781,18685.474609,29603
2022-08-12,18990.000000,19245.699219,18750.000000,18793.349609,18562.796875,22476
2022-08-16,18951.000000,19352.550781,18800.000000,19069.750000,18835.806641,19314
2022-08-17,19246.199219,19304.949219,19021.650391,19216.099609,18980.361328,11323
2022-08-18,19300.000000,19300.000000,18915.000000,19008.150391,18774.962891,10684
2022-08-19,19055.000000,19110.650391,18790.000000,18820.800781,18589.912109,13805
2022-08-22,18835.000000,18865.000000,18529.550781,18589.599609,18361.546875,10960
2022-08-23,18584.000000,18876.949219,18504.000000,18650.550781,18421.750000,8457
2022-08-24,18720.000000,19121.550781,18672.650391,19080.099609,18846.031250,18321
2022-08-25,19035.000000,19120.000000,18781.750000,18824.500000,18593.564453,10570
2022-08-26,18820.500000,18950.000000,18544.000000,18577.050781,18349.152344,10868
2022-08-29,18450.000000,18800.000000,18204.000000,18766.000000,18535.783203,9563
2022-08-30,18775.000000,18799.650391,18611.000000,18739.750000,18509.855469,7994
2022-09-01,18749.500000,18800.000000,18411.000000,18447.849609,18221.535156,13912
2022-09-02,18505.000000,18690.000000,18360.250000,18442.250000,18216.005859,12792
2022-09-05,18380.000000,18650.000000,18160.000000,18209.000000,17985.615234,20184
2022-09-06,18250.000000,18496.449219,18209.199219,18256.500000,18032.533203,19958
2022-09-07,18185.300781,18497.000000,18185.000000,18272.300781,18048.140625,15466
2022-09-08,18382.300781,18382.300781,18101.000000,18138.000000,17915.488281,9264
2022-09-09,18200.000000,18384.000000,18105.000000,18276.400391,18052.189453,26150
2022-09-12,18276.400391,18350.000000,18090.000000,18139.949219,17917.412109,15525
2022-09-13,18186.000000,18269.949219,17880.000000,17920.550781,17700.705078,15253
2022-09-14,17848.900391,18250.000000,17830.000000,17981.250000,17760.660156,20974
2022-09-15,17911.000000,18100.000000,17830.000000,17887.650391,17668.208984,16734
2022-09-16,17966.849609,17966.849609,17507.500000,17547.949219,17332.675781,12841
2022-09-19,17550.000000,17555.050781,17325.000000,17378.449219,17165.255859,8410
2022-09-20,17405.000000,18177.400391,17405.000000,18113.099609,17890.892578,24095
2022-09-21,18150.000000,18248.900391,17878.949219,17912.099609,17692.359375,13138
2022-09-22,17899.000000,18165.550781,17800.000000,17908.000000,17688.310547,53340
2022-09-23,18000.000000,18158.599609,17800.000000,17853.750000,17634.724609,24724
2022-09-26,17800.000000,17942.650391,17481.800781,17586.199219,17370.455078,35903
2022-09-27,17605.000000,18150.000000,17605.000000,18080.849609,17859.037109,41986
2022-09-28,17999.000000,18419.150391,17943.849609,18140.199219,17917.660156,28547
2022-09-29,18260.000000,19299.000000,18222.599609,19181.099609,18945.791016,85444
2022-09-30,19020.000000,19299.000000,18818.000000,19139.150391,18904.355469,46497
2022-10-03,19139.150391,19382.949219,18725.050781,18833.300781,18602.259766,29007
2022-10-04,19025.000000,19100.000000,18838.949219,18978.500000,18745.675781,17311
2022-10-06,19092.699219,19380.900391,19050.000000,19134.949219,18900.205078,18011
2022-10-07,19199.949219,19466.400391,18951.050781,19056.000000,18822.224609,20177
2022-10-10,19060.000000,19172.400391,18730.000000,18821.000000,18590.107422,11938
2022-10-11,18821.000000,18911.800781,18404.000000,18563.650391,18335.916016,11468
2022-10-12,18563.650391,18700.000000,18285.900391,18391.900391,18166.271484,12299
2022-10-13,18401.900391,18448.949219,18130.050781,18175.199219,17952.230469,9774
2022-10-14,18275.199219,18364.599609,18016.099609,18081.900391,17860.076172,6059
2022-10-17,18063.800781,18360.000000,18000.000000,18085.400391,17863.533203,8136
2022-10-18,18130.000000,18380.849609,18086.550781,18131.300781,17908.871094,16424
2022-10-19,18220.000000,18308.849609,18117.449219,18220.699219,17997.173828,4177
2022-10-20,18220.699219,18283.199219,18078.599609,18167.949219,17945.068359,4470
2022-10-21,18254.000000,18745.449219,18012.150391,18527.800781,18300.505859,15569
2022-10-24,18650.000000,18700.250000,18267.000000,18355.750000,18130.566406,2072
2022-10-25,18355.750000,18782.349609,18261.650391,18478.599609,18251.908203,12937
2022-10-27,18575.900391,18950.000000,18492.300781,18878.050781,18646.458984,15080
2022-10-28,18954.000000,19178.000000,18772.500000,18910.800781,18678.808594,10557
2022-10-31,19000.000000,19333.000000,18970.050781,19246.949219,19010.832031,18533
2022-11-01,19320.000000,19800.000000,19101.099609,19685.949219,19444.447266,27506
2022-11-02,19709.900391,19709.900391,19422.150391,19609.300781,19368.738281,10944
2022-11-03,19501.050781,19990.000000,19492.500000,19950.650391,19705.902344,26922
2022-11-04,19939.000000,19939.000000,19405.000000,19481.800781,19242.802734,15202
2022-11-07,19500.000000,19510.000000,19175.000000,19330.199219,19093.060547,9495
2022-11-09,19440.000000,19440.000000,19125.000000,19222.250000,18986.437500,9689
2022-11-10,19219.949219,19570.000000,19143.750000,19238.849609,19002.832031,9766
2022-11-11,19449.000000,19550.000000,19150.000000,19315.800781,19078.839844,7385
2022-11-14,19431.650391,20108.500000,19215.050781,19939.300781,19694.689453,52058
2022-11-15,20001.050781,20138.849609,19501.250000,19651.449219,19410.369141,16611
2022-11-16,19774.000000,19864.900391,19450.000000,19532.250000,19292.632813,9671
2022-11-17,19519.000000,19572.599609,19425.000000,19493.949219,19254.800781,5155
2022-11-18,19530.000000,19799.449219,19226.449219,19741.250000,19499.068359,15794
2022-11-21,19840.000000,19950.000000,19362.150391,19592.500000,19352.144531,13838
2022-11-22,19600.000000,19770.050781,19502.550781,19730.800781,19488.748047,8493
2022-11-23,19720.000000,20195.000000,19638.099609,20037.150391,19791.339844,19234
2022-11-24,20050.000000,20350.000000,20014.599609,20194.250000,19946.511719,15366
2022-11-25,20194.250000,20325.000000,19937.949219,20267.500000,20018.863281,11978
2022-11-28,20170.949219,20303.000000,20016.099609,20130.750000,19883.791016,11324
2022-11-29,20089.250000,20224.900391,20089.250000,20169.550781,19922.115234,5962
2022-11-30,20140.000000,20346.500000,20110.300781,20237.800781,19989.529297,8745
2022-12-01,20235.699219,20635.000000,20200.000000,20555.650391,20303.478516,14353
2022-12-02,20550.000000,20550.000000,20100.000000,20182.900391,19935.300781,9399
2022-12-05,20183.000000,20279.800781,19951.099609,20059.400391,19813.316406,7824
2022-12-06,20054.000000,20325.000000,20003.000000,20196.199219,19948.437500,9908
2022-12-07,20245.000000,20317.349609,20172.099609,20208.949219,19961.031250,5492
2022-12-08,20220.000000,20580.099609,20155.650391,20387.099609,20136.994141,14082
2022-12-09,20402.000000,20749.000000,20300.000000,20436.150391,20185.443359,14234
2022-12-12,20430.000000,20650.000000,20252.300781,20516.849609,20265.152344,7976
2022-12-13,20625.000000,20900.000000,20336.949219,20838.000000,20582.365234,16992
2022-12-14,20989.949219,20993.949219,20444.050781,20563.349609,20311.082031,14099
2022-12-15,20600.000000,20749.949219,20400.050781,20571.699219,20319.330078,7862
2022-12-16,20649.849609,20814.000000,20357.800781,20672.800781,20419.191406,13946
2022-12-19,20776.199219,20930.000000,20425.000000,20885.650391,20629.429688,14109
2022-12-20,20800.000000,21001.250000,20727.449219,20898.699219,20642.318359,9476
2022-12-21,20890.000000,21675.000000,20830.500000,21548.500000,21284.148438,41904
2022-12-22,21550.000000,21975.000000,21352.599609,21842.449219,21574.492188,45140
2022-12-23,21776.050781,22187.900391,21678.000000,21797.250000,21529.847656,36252
2022-12-26,21988.800781,21988.800781,21602.000000,21772.550781,21505.451172,31853
2022-12-27,21770.000000,21825.000000,21440.000000,21625.400391,21360.105469,21294
2022-12-28,21576.000000,21750.000000,21451.949219,21643.150391,21377.636719,19443
2022-12-29,21626.000000,21799.949219,21522.000000,21726.199219,21459.666016,16010
2022-12-30,21675.000000,21850.000000,21232.750000,21367.199219,21105.072266,14422
2023-01-02,21367.199219,21620.650391,21287.650391,21436.900391,21173.917969,10873
2023-01-03,21440.000000,21749.000000,21365.099609,21680.849609,21414.875000,37179
2023-01-04,21719.949219,22075.000000,21620.599609,21937.300781,21668.179688,19674
2023-01-05,21997.699219,22200.000000,21870.099609,22105.150391,21833.970703,16249
2023-01-06,22099.900391,22360.000000,22020.250000,22328.050781,22054.134766,17576
2023-01-09,22360.000000,22499.000000,22060.949219,22263.099609,21989.980469,35850
2023-01-10,22319.000000,22320.000000,21916.050781,22056.300781,21785.718750,22882
2023-01-11,22101.949219,22389.900391,22056.000000,22211.000000,21938.521484,19674
2023-01-12,22250.000000,22379.900391,22050.000000,22162.550781,21890.666016,21184
2023-01-13,22130.050781,22337.949219,22031.000000,22282.199219,22008.845703,7274
2023-01-16,22300.199219,22344.349609,21970.099609,22041.449219,21771.048828,6699
2023-01-17,22050.000000,22149.900391,21612.199219,21681.349609,21415.367188,21736
2023-01-18,21700.099609,22047.000000,21613.099609,21962.250000,21692.822266,7590
2023-01-19,21960.000000,22100.000000,21915.050781,21999.599609,21729.714844,4364
2023-01-20,21997.000000,21997.000000,21632.750000,21797.349609,21529.945313,8506
2023-01-23,21780.000000,21925.000000,21678.050781,21884.550781,21616.076172,6436
2023-01-24,21771.750000,21912.550781,21500.000000,21642.650391,21377.144531,8055
2023-01-25,21623.900391,21689.849609,21217.449219,21286.800781,21025.660156,8811
2023-01-27,21250.000000,21395.849609,21092.000000,21212.150391,20951.923828,6306
2023-01-30,21100.000000,21370.000000,20882.550781,20985.699219,20728.250000,10890
2023-01-31,20985.750000,21223.400391,20754.550781,20817.050781,20561.673828,9022
2023-02-01,20926.599609,21245.849609,20585.800781,20700.449219,20446.500000,10839
2023-02-02,20771.650391,20867.949219,20411.000000,20480.300781,20229.052734,14828
2023-02-03,20500.000000,20925.300781,20436.650391,20872.250000,20616.193359,7409
2023-02-06,20872.050781,20999.900391,20650.000000,20869.750000,20613.724609,4263
2023-02-07,20800.000000,21059.900391,20708.050781,20991.449219,20733.929688,5981
2023-02-08,20980.000000,21347.000000,20831.099609,21278.250000,21017.214844,6149
2023-02-09,21084.800781,21593.849609,20800.000000,20846.199219,20590.462891,12723
2023-02-10,20929.050781,21451.949219,20650.000000,20741.099609,20486.652344,31782
2023-02-13,20680.000000,20685.000000,19902.050781,20272.150391,20023.457031,33651
2023-02-14,20270.000000,20548.000000,20040.300781,20308.349609,20059.210938,9753
2023-02-15,20307.000000,20485.800781,20187.599609,20399.300781,20149.046875,6398
2023-02-16,20450.000000,20540.000000,20280.000000,20425.150391,20174.580078,8952
2023-02-17,20451.099609,20475.349609,20040.400391,20216.199219,19968.191406,8516
2023-02-20,20266.150391,20266.150391,19964.199219,20062.949219,19816.822266,7672
2023-02-21,20080.000000,20225.949219,19900.000000,20029.150391,19783.437500,7853
2023-02-22,20005.099609,20298.949219,19968.099609,20216.199219,19968.191406,9198
2023-02-23,20327.550781,20650.000000,20022.550781,20489.500000,20238.138672,13048
2023-02-24,20591.949219,20723.849609,20072.150391,20154.599609,19907.347656,12180
2023-02-27,20232.550781,20660.000000,20052.000000,20582.349609,20329.851563,17630
2023-02-28,20520.500000,20651.199219,20127.150391,20210.550781,19962.611328,11412
2023-03-01,20216.000000,20666.000000,20160.000000,20460.599609,20209.593750,8852
2023-03-02,20460.000000,20460.000000,20051.050781,20094.849609,19848.330078,6727
2023-03-03,20130.000000,20279.849609,19906.000000,20161.949219,19914.607422,7287
2023-03-06,20163.000000,20676.000000,20163.000000,20575.550781,20323.134766,15704
2023-03-08,20415.000000,20683.800781,20344.500000,20615.400391,20362.496094,4885
2023-03-09,20650.000000,20915.650391,20560.199219,20680.150391,20426.451172,10144
2023-03-10,20500.000000,20626.050781,20304.150391,20554.650391,20302.492188,7513
2023-03-13,20649.099609,20649.099609,20056.000000,20263.599609,20015.011719,12019
2023-03-14,20300.000000,20388.599609,19966.699219,20329.000000,20079.609375,9872
2023-03-15,20389.000000,20578.000000,20250.000000,20367.500000,20117.636719,5464
2023-03-16,20449.849609,20780.000000,20255.199219,20704.000000,20450.007813,6621
2023-03-17,20726.949219,20993.949219,20600.000000,20928.300781,20671.558594,7184
2023-03-20,20715.000000,21415.699219,20715.000000,21327.300781,21065.662109,12395
2023-03-21,21420.000000,21420.000000,21120.099609,21287.849609,21026.695313,5813
2023-03-22,21250.000000,21747.050781,21182.250000,21491.650391,21227.996094,13584
2023-03-23,21500.000000,21653.949219,21352.500000,21540.199219,21275.949219,9237
2023-03-24,21540.199219,21678.000000,21056.349609,21128.900391,20869.695313,5596
2023-03-27,21160.000000,21617.949219,21138.300781,21426.750000,21163.892578,16299
2023-03-28,21426.000000,21678.699219,21306.550781,21595.050781,21330.128906,11054
2023-03-29,21600.000000,21881.849609,21592.849609,21770.050781,21502.980469,9818
2023-03-31,21766.000000,22160.599609,21703.150391,22064.849609,21794.164063,9427
2023-04-03,22248.000000,22379.900391,21809.900391,22256.050781,21983.017578,9262
2023-04-05,22350.000000,22898.000000,22224.150391,22846.000000,22565.730469,20433
2023-04-06,22800.250000,22940.000000,22720.000000,22880.949219,22600.251953,9064
2023-04-10,22815.000000,23140.000000,22746.050781,22831.650391,22551.556641,18990
2023-04-11,22832.050781,22958.000000,22626.599609,22778.849609,22499.404297,15509
2023-04-12,22850.000000,22958.000000,22530.000000,22643.300781,22365.517578,15983
2023-04-13,22700.000000,22745.849609,22430.000000,22493.699219,22217.751953,9727
2023-04-17,22617.400391,22880.000000,22458.099609,22538.150391,22261.658203,13701
2023-04-18,22538.150391,22702.949219,22415.000000,22530.400391,22254.003906,13222
2023-04-19,22679.949219,22919.949219,22550.000000,22733.750000,22454.859375,22685
2023-04-20,22733.949219,22823.949219,22548.550781,22577.750000,22300.771484,6245
2023-04-21,22600.000000,22643.949219,22232.050781,22434.699219,22159.476563,8120
2023-04-24,22440.000000,22589.949219,22274.000000,22546.300781,22269.708984,4653
2023-04-25,22590.000000,22660.000000,22260.050781,22301.849609,22028.255859,10076
2023-04-26,22309.949219,22412.449219,22195.199219,22310.699219,22036.998047,34799
2023-04-27,22310.000000,22349.599609,22109.000000,22147.349609,21875.650391,9489
2023-04-28,22224.000000,22385.949219,21996.050781,22297.250000,22023.712891,13254
2023-05-02,22319.949219,22588.000000,22298.849609,22379.849609,22105.298828,7540
2023-05-03,22380.000000,22649.900391,22303.199219,22567.250000,22290.400391,10969
2023-05-04,22600.000000,22790.000000,22479.050781,22585.449219,22308.376953,8892
2023-05-05,22624.949219,22700.000000,22422.050781,22650.800781,22372.925781,3879
2023-05-08,22650.800781,22750.000000,22386.250000,22471.199219,22195.527344,10519
2023-05-09,22630.000000,22700.000000,21636.000000,21929.300781,21660.277344,26497
2023-05-10,22034.000000,22034.000000,21280.000000,21391.000000,21128.580078,27318
2023-05-11,21400.000000,21593.949219,21156.099609,21236.400391,20975.876953,18688
2023-05-12,21266.000000,21532.000000,21135.000000,21229.400391,20968.962891,15506
2023-05-15,21299.000000,21510.000000,21180.000000,21228.000000,20967.580078,10716
2023-05-16,21299.949219,21346.750000,21072.099609,21194.199219,20934.193359,8737
2023-05-17,21202.000000,21339.949219,21075.000000,21215.500000,20955.234375,10602
2023-05-18,21330.000000,21353.949219,20932.000000,20970.550781,20713.289063,7346
2023-05-19,21087.500000,21091.599609,20605.050781,20898.449219,20642.072266,17558
2023-05-22,20751.000000,21538.550781,20751.000000,21373.099609,21110.898438,25214
2023-05-23,21438.949219,21588.800781,21415.199219,21508.099609,21244.244141,8569
2023-05-24,21508.099609,21621.099609,21430.000000,21470.000000,21206.611328,16138
2023-05-25,21580.000000,21933.750000,21416.449219,21840.900391,21572.962891,7369
2023-05-26,21940.000000,21941.650391,21680.000000,21901.449219,21632.767578,6057
2023-05-29,21970.000000,21988.000000,21747.000000,21893.800781,21625.212891,6045
2023-05-30,21950.000000,22084.800781,21879.349609,22054.599609,21784.039063,6888
2023-05-31,22025.000000,22119.949219,21696.199219,21737.900391,21471.226563,6644
2023-06-01,21857.699219,21889.699219,21550.000000,21602.650391,21337.634766,10678
2023-06-02,21602.000000,21995.949219,21503.000000,21927.250000,21658.251953,10784
2023-06-05,21950.000000,21999.949219,21720.449219,21832.150391,21564.318359,3841
2023-06-06,21800.000000,21900.000000,21591.050781,21823.050781,21555.332031,6250
2023-06-07,21900.000000,21989.949219,21800.250000,21865.800781,21597.554688,7574
2023-06-08,21940.000000,21940.000000,21600.000000,21645.250000,21379.710938,4828
2023-06-09,21700.000000,21870.000000,21450.099609,21791.150391,21523.822266,11353
2023-06-12,21791.150391,22000.000000,21680.099609,21960.400391,21690.996094,7816
2023-06-13,22000.000000,22247.949219,21940.050781,22155.699219,21883.898438,10928
2023-06-14,22333.000000,22340.650391,21919.550781,22038.699219,21768.333984,7374
2023-06-15,22160.000000,22495.000000,22071.400391,22432.550781,22157.353516,12198
2023-06-16,22432.550781,22750.000000,22420.000000,22711.500000,22432.880859,16868
2023-06-19,22712.000000,23300.000000,22706.300781,23093.500000,22810.195313,20737
2023-06-20,23093.500000,23189.849609,22713.099609,22996.900391,22714.779297,12863
2023-06-21,23090.000000,23090.000000,22601.000000,22678.900391,22400.681641,8024
2023-06-22,22612.000000,22762.949219,22444.000000,22554.849609,22278.152344,10211
2023-06-23,22670.000000,22719.949219,22470.050781,22659.300781,22381.322266,8049
2023-06-26,22600.000000,22933.949219,22598.800781,22841.150391,22560.941406,9642
2023-06-27,22806.000000,23017.199219,22632.050781,22707.800781,22429.226563,18854
2023-06-28,null,null,null,null,null,null
2023-06-30,23150.000000,23455.000000,23150.000000,23419.150391,23131.849609,9015
2023-07-03,23500.000000,23548.849609,23167.550781,23249.699219,22964.476563,5169
2023-07-04,23229.949219,23360.000000,23150.000000,23209.199219,22924.474609,3896
2023-07-05,23151.000000,23400.000000,23151.000000,23306.000000,23020.085938,6095
2023-07-06,23306.949219,23869.949219,23200.000000,23825.750000,23533.460938,14956
2023-07-07,23815.000000,23815.000000,23451.050781,23499.400391,23211.115234,6240
2023-07-10,23500.000000,23614.699219,23283.750000,23470.449219,23182.517578,4870
2023-07-11,23550.000000,23806.949219,23307.449219,23693.199219,23402.537109,11542
2023-07-12,23661.000000,23850.000000,23501.599609,23564.500000,23275.416016,7679
2023-07-13,23600.000000,23678.050781,23300.000000,23392.550781,23105.576172,7927
2023-07-14,23394.949219,23450.050781,23163.050781,23293.900391,23008.134766,4693
2023-07-17,23350.000000,23519.949219,23079.050781,23151.949219,22867.927734,16350
2023-07-18,23250.000000,23399.000000,22990.599609,23345.650391,23059.251953,8260
2023-07-19,23341.199219,23568.849609,23200.000000,23468.650391,23180.742188,15305
2023-07-20,23588.300781,23725.000000,23450.199219,23665.099609,23520.099609,7312
2023-07-21,23400.000000,23522.949219,23150.000000,23183.849609,23183.849609,7258
2023-07-24,23219.949219,23347.949219,23008.449219,23171.250000,23171.250000,10909
2023-07-25,23250.000000,23251.050781,22884.699219,22986.400391,22986.400391,8996
2023-07-26,22986.400391,23039.750000,22870.000000,22945.449219,22945.449219,9666
2023-07-27,22945.449219,23813.849609,22909.949219,23705.849609,23705.849609,24755
2023-07-28,23800.000000,24142.949219,23622.000000,24059.949219,24059.949219,16562
2023-07-31,24150.000000,24240.000000,23954.050781,24068.599609,24068.599609,7074
2023-08-01,24094.449219,24094.449219,23770.000000,23943.199219,23943.199219,6810
2023-08-02,23999.000000,24235.000000,23743.199219,24084.699219,24084.699219,17029
2023-08-03,24204.699219,24657.699219,24034.599609,24555.800781,24555.800781,34082
2023-08-04,24649.949219,24657.449219,23800.000000,23864.000000,23864.000000,12946
2023-08-07,24000.000000,24223.349609,23618.099609,23964.750000,23964.750000,9545
2023-08-08,23900.000000,24244.000000,23700.900391,23774.349609,23774.349609,7620
2023-08-09,23890.000000,24100.000000,23660.000000,23749.099609,23749.099609,23572
2023-08-10,24349.949219,24744.250000,23801.000000,23887.750000,23887.750000,57565
2023-08-11,24248.000000,24248.000000,23701.000000,23732.800781,23732.800781,12075
2023-08-14,23700.000000,23756.500000,23168.599609,23637.800781,23637.800781,18629
2023-08-16,23650.050781,23980.199219,23400.000000,23904.199219,23904.199219,7441
2023-08-17,23893.949219,23893.949219,23630.000000,23658.750000,23658.750000,5845
2023-08-18,23670.000000,23726.150391,23352.099609,23399.599609,23399.599609,4753
2023-08-21,23481.900391,23585.000000,23310.000000,23436.050781,23436.050781,5014
2023-08-22,23436.050781,23583.849609,23328.699219,23478.349609,23478.349609,6529
2023-08-23,23600.000000,23600.000000,23071.900391,23231.099609,23231.099609,7668
2023-08-24,23239.949219,23444.000000,23150.000000,23164.650391,23164.650391,8568
2023-08-25,23096.000000,23267.949219,23028.099609,23221.000000,23221.000000,8733
2023-08-28,23299.900391,23457.949219,23115.000000,23388.449219,23388.449219,6122
2023-08-29,23474.900391,23474.900391,23215.849609,23414.949219,23414.949219,11307
2023-08-30,23485.000000,23485.000000,23251.000000,23363.650391,23363.650391,8440
2023-08-31,23363.650391,23420.650391,23070.849609,23109.550781,23109.550781,6976
2023-09-01,23120.000000,23237.550781,22535.050781,22704.650391,22704.650391,18058
2023-09-04,22898.599609,22999.949219,22320.050781,22345.250000,22345.250000,15081
2023-09-05,22533.050781,22899.000000,22358.300781,22793.250000,22793.250000,25555
2023-09-06,22900.300781,23160.000000,22754.199219,23106.599609,23106.599609,26456
2023-09-07,23055.000000,23189.900391,22940.050781,23029.050781,23029.050781,12869
2023-09-08,23029.949219,23154.000000,22800.050781,23002.300781,23002.300781,8725